movie_name,year
BIUTIFUL,2010
TRUE GRIT,2010
THE SOCIAL NETWORK,2010
THE KING'S SPEECH,2010
127 HOURS,2010
THE FIGHTER,2010
WINTER'S BONE,2010
THE TOWN,2010
THE KIDS ARE ALL RIGHT,2010
RABBIT HOLE,2010
BLACK SWAN,2010
BLUE VALENTINE,2010
ANIMAL KINGDOM,2010
HOW TO TRAIN YOUR DRAGON,2010
THE ILLUSIONIST,2010
TOY STORY 3,2010
ALICE IN WONDERLAND,2010
HARRY POTTER AND THE DEATHLY HALLOWS PART 1,2010
INCEPTION,2010
I AM LOVE,2010
THE TEMPEST,2010
EXIT THROUGH THE GIFT SHOP,2010
GASLAND,2010
INSIDE JOB,2010
RESTREPO,2010
WASTE LAND,2010
KILLING IN THE NAME,2010
POSTER GIRL,2010
STRANGERS NO MORE,2010
SUN COME UP,2010
THE WARRIORS OF QIUGANG,2010
BARNEY'S VERSION,2010
THE WAY BACK,2010
THE WOLFMAN,2010
COUNTRY STRONG,2010
TANGLED,2010
DAY & NIGHT,2010
THE GRUFFALO,2010
LET'S POLLUTE,2010
THE LOST THING,2010
"MADAGASCAR, CARNET DE VOYAGE (MADAGASCAR, A JOURNEY DIARY)",2010
THE CONFESSION,2010
THE CRUSH,2010
GOD OF LOVE,2010
NA WEWE,2010
WISH 143,2010
SALT,2010
TRON: LEGACY,2010
UNSTOPPABLE,2010
HEREAFTER,2010
IRON MAN 2,2010
ANOTHER YEAR,2010
CRAZY HEART,2009
UP IN THE AIR,2009
A SINGLE MAN,2009
INVICTUS,2009
THE HURT LOCKER,2009
THE MESSENGER,2009
THE LAST STATION,2009
THE LOVELY BONES,2009
INGLOURIOUS BASTERDS,2009
THE BLIND SIDE,2009
AN EDUCATION,2009
PRECIOUS: BASED ON THE NOVEL 'PUSH' BY SAPPHIRE,2009
JULIE & JULIA,2009
NINE,2009
CORALINE,2009
FANTASTIC MR. FOX,2009
THE PRINCESS AND THE FROG,2009
THE SECRET OF KELLS,2009
UP,2009
AVATAR,2009
THE IMAGINARIUM OF DOCTOR PARNASSUS,2009
SHERLOCK HOLMES,2009
THE YOUNG VICTORIA,2009
HARRY POTTER AND THE HALF-BLOOD PRINCE,2009
THE WHITE RIBBON,2009
BRIGHT STAR,2009
COCO BEFORE CHANEL,2009
BURMA VJ,2009
THE COVE,2009
"FOOD, INC.",2009
THE MOST DANGEROUS MAN IN AMERICA: DANIEL ELLSBERG AND THE PENTAGON PAPERS,2009
WHICH WAY HOME,2009
CHINA'S UNNATURAL DISASTER: THE TEARS OF SICHUAN PROVINCE,2009
THE LAST CAMPAIGN OF GOVERNOR BOOTH GARDNER,2009
THE LAST TRUCK: CLOSING OF A GM PLANT,2009
MUSIC BY PRUDENCE,2009
RABBIT À LA BERLIN,2009
DISTRICT 9,2009
IL DIVO,2009
STAR TREK,2009
PARIS 36,2009
A SERIOUS MAN,2009
FRENCH ROAST,2009
GRANNY O'GRIMM'S SLEEPING BEAUTY,2009
THE LADY AND THE REAPER (LA DAMA Y LA MUERTE),2009
LOGORAMA,2009
A MATTER OF LOAF AND DEATH,2009
THE DOOR,2009
INSTEAD OF ABRACADABRA,2009
KAVI,2009
MIRACLE FISH,2009
THE NEW TENANTS,2009
TRANSFORMERS: REVENGE OF THE FALLEN,2009
IN THE LOOP,2009
THE VISITOR,2008
FROST/NIXON,2008
MILK,2008
THE CURIOUS CASE OF BENJAMIN BUTTON,2008
THE WRESTLER,2008
TROPIC THUNDER,2008
DOUBT,2008
THE DARK KNIGHT,2008
REVOLUTIONARY ROAD,2008
RACHEL GETTING MARRIED,2008
CHANGELING,2008
FROZEN RIVER,2008
THE READER,2008
VICKY CRISTINA BARCELONA,2008
BOLT,2008
KUNG FU PANDA,2008
WALL-E,2008
THE DUCHESS,2008
SLUMDOG MILLIONAIRE,2008
AUSTRALIA,2008
THE BETRAYAL (NERAKHOON),2008
ENCOUNTERS AT THE END OF THE WORLD,2008
THE GARDEN,2008
MAN ON WIRE,2008
TROUBLE THE WATER,2008
THE CONSCIENCE OF NHEM EN,2008
THE FINAL INCH,2008
SMILE PINKI,2008
THE WITNESS - FROM THE BALCONY OF ROOM 306,2008
HELLBOY II: THE GOLDEN ARMY,2008
DEFIANCE,2008
LA MAISON EN PETITS CUBES,2008
LAVATORY - LOVESTORY,2008
OKTAPODI,2008
PRESTO,2008
THIS WAY UP,2008
AUF DER STRECKE (ON THE LINE),2008
MANON ON THE ASPHALT,2008
NEW BOY,2008
THE PIG,2008
SPIELZEUGLAND (TOYLAND),2008
WANTED,2008
IRON MAN,2008
HAPPY-GO-LUCKY,2008
IN BRUGES,2008
MICHAEL CLAYTON,2007
THERE WILL BE BLOOD,2007
SWEENEY TODD THE DEMON BARBER OF FLEET STREET,2007
IN THE VALLEY OF ELAH,2007
EASTERN PROMISES,2007
THE ASSASSINATION OF JESSE JAMES BY THE COWARD ROBERT FORD,2007
NO COUNTRY FOR OLD MEN,2007
CHARLIE WILSON'S WAR,2007
INTO THE WILD,2007
ELIZABETH: THE GOLDEN AGE,2007
AWAY FROM HER,2007
LA VIE EN ROSE,2007
THE SAVAGES,2007
JUNO,2007
I'M NOT THERE,2007
AMERICAN GANGSTER,2007
ATONEMENT,2007
GONE BABY GONE,2007
PERSEPOLIS,2007
RATATOUILLE,2007
SURF'S UP,2007
THE GOLDEN COMPASS,2007
THE DIVING BELL AND THE BUTTERFLY,2007
ACROSS THE UNIVERSE,2007
NO END IN SIGHT,2007
OPERATION HOMECOMING: WRITING THE WARTIME EXPERIENCE,2007
SICKO,2007
TAXI TO THE DARK SIDE,2007
WAR/DANCE,2007
FREEHELD,2007
LA CORONA (THE CROWN),2007
SALIM BABA,2007
SARI'S MOTHER,2007
THE BOURNE ULTIMATUM,2007
NORBIT,2007
PIRATES OF THE CARIBBEAN: AT WORLD'S END,2007
THE KITE RUNNER,2007
3:10 TO YUMA,2007
ONCE,2007
ENCHANTED,2007
AUGUST RUSH,2007
I MET THE WALRUS,2007
MADAME TUTLI-PUTLI,2007
MÊME LES PIGEONS VONT AU PARADIS (EVEN PIGEONS GO TO HEAVEN),2007
MY LOVE (MOYA LYUBOV),2007
PETER & THE WOLF,2007
AT NIGHT,2007
IL SUPPLENTE (THE SUBSTITUTE),2007
LE MOZART DES PICKPOCKETS (THE MOZART OF PICKPOCKETS),2007
TANGHI ARGENTINI,2007
THE TONTO WOMAN,2007
TRANSFORMERS,2007
LARS AND THE REAL GIRL,2007
BLOOD DIAMOND,2006
HALF NELSON,2006
VENUS,2006
THE PURSUIT OF HAPPYNESS,2006
THE LAST KING OF SCOTLAND,2006
LITTLE MISS SUNSHINE,2006
LITTLE CHILDREN,2006
DREAMGIRLS,2006
THE DEPARTED,2006
VOLVER,2006
NOTES ON A SCANDAL,2006
THE QUEEN,2006
THE DEVIL WEARS PRADA,2006
BABEL,2006
CARS,2006
HAPPY FEET,2006
MONSTER HOUSE,2006
THE GOOD SHEPHERD,2006
PAN'S LABYRINTH,2006
PIRATES OF THE CARIBBEAN: DEAD MAN'S CHEST,2006
THE PRESTIGE,2006
THE BLACK DAHLIA,2006
CHILDREN OF MEN,2006
THE ILLUSIONIST,2006
CURSE OF THE GOLDEN FLOWER,2006
MARIE ANTOINETTE,2006
LETTERS FROM IWO JIMA,2006
UNITED 93,2006
DELIVER US FROM EVIL,2006
AN INCONVENIENT TRUTH,2006
IRAQ IN FRAGMENTS,2006
JESUS CAMP,2006
"MY COUNTRY, MY COUNTRY",2006
THE BLOOD OF YINGZHOU DISTRICT,2006
RECYCLED LIFE,2006
REHEARSING A DREAM,2006
TWO HANDS,2006
APOCALYPTO,2006
CLICK,2006
THE GOOD GERMAN,2006
THE DANISH POET,2006
LIFTED,2006
THE LITTLE MATCHGIRL,2006
MAESTRO,2006
NO TIME FOR NUTS,2006
BINTA AND THE GREAT IDEA (BINTA Y LA GRAN IDEA),2006
ÉRAMOS POCOS (ONE TOO MANY),2006
HELMER & SON,2006
THE SAVIOUR,2006
WEST BANK STORY,2006
FLAGS OF OUR FATHERS,2006
POSEIDON,2006
SUPERMAN RETURNS,2006
BORAT CULTURAL LEARNINGS OF AMERICA FOR MAKE BENEFIT GLORIOUS NATION OF KAZAKHSTAN,2006
CAPOTE,2005
HUSTLE & FLOW,2005
BROKEBACK MOUNTAIN,2005
WALK THE LINE,2005
"GOOD NIGHT, AND GOOD LUCK.",2005
SYRIANA,2005
CRASH,2005
CINDERELLA MAN,2005
A HISTORY OF VIOLENCE,2005
MRS. HENDERSON PRESENTS,2005
TRANSAMERICA,2005
PRIDE & PREJUDICE,2005
NORTH COUNTRY,2005
JUNEBUG,2005
THE CONSTANT GARDENER,2005
HOWL'S MOVING CASTLE,2005
TIM BURTON'S CORPSE BRIDE,2005
WALLACE & GROMIT IN THE CURSE OF THE WERE-RABBIT,2005
HARRY POTTER AND THE GOBLET OF FIRE,2005
KING KONG,2005
MEMOIRS OF A GEISHA,2005
BATMAN BEGINS,2005
THE NEW WORLD,2005
CHARLIE AND THE CHOCOLATE FACTORY,2005
MUNICH,2005
DARWIN'S NIGHTMARE,2005
ENRON: THE SMARTEST GUYS IN THE ROOM,2005
MARCH OF THE PENGUINS,2005
MURDERBALL,2005
STREET FIGHT,2005
THE DEATH OF KEVIN CARTER: CASUALTY OF THE BANG BANG CLUB,2005
GOD SLEEPS IN RWANDA,2005
THE MUSHROOM CLUB,2005
A NOTE OF TRIUMPH: THE GOLDEN AGE OF NORMAN CORWIN,2005
"THE CHRONICLES OF NARNIA: THE LION, THE WITCH AND THE WARDROBE",2005
STAR WARS: EPISODE III REVENGE OF THE SITH,2005
BADGERED,2005
THE MOON AND THE SON: AN IMAGINED CONVERSATION,2005
THE MYSTERIOUS GEOGRAPHIC EXPLORATIONS OF JASPER MORELLO,2005
9,2005
ONE MAN BAND,2005
AUSREISSER (THE RUNAWAY),2005
CASHBACK,2005
THE LAST FARM,2005
OUR TIME IS UP,2005
SIX SHOOTER,2005
WAR OF THE WORLDS,2005
MATCH POINT,2005
THE SQUID AND THE WHALE,2005
HOTEL RWANDA,2004
FINDING NEVERLAND,2004
THE AVIATOR,2004
MILLION DOLLAR BABY,2004
RAY,2004
SIDEWAYS,2004
COLLATERAL,2004
CLOSER,2004
BEING JULIA,2004
MARIA FULL OF GRACE,2004
VERA DRAKE,2004
ETERNAL SUNSHINE OF THE SPOTLESS MIND,2004
KINSEY,2004
THE INCREDIBLES,2004
SHARK TALE,2004
SHREK 2,2004
LEMONY SNICKET'S A SERIES OF UNFORTUNATE EVENTS,2004
THE PHANTOM OF THE OPERA,2004
A VERY LONG ENGAGEMENT,2004
HOUSE OF FLYING DAGGERS,2004
THE PASSION OF THE CHRIST,2004
TROY,2004
BORN INTO BROTHELS,2004
THE STORY OF THE WEEPING CAMEL,2004
SUPER SIZE ME,2004
TUPAC: RESURRECTION,2004
TWIST OF FAITH,2004
AUTISM IS A WORLD,2004
THE CHILDREN OF LENINGRADSKY,2004
HARDWOOD,2004
MIGHTY TIMES: THE CHILDREN'S MARCH,2004
SISTER ROSE'S PASSION,2004
THE SEA INSIDE,2004
HARRY POTTER AND THE PRISONER OF AZKABAN,2004
THE VILLAGE,2004
THE MOTORCYCLE DIARIES,2004
THE POLAR EXPRESS,2004
THE CHORUS (LES CHORISTES),2004
BIRTHDAY BOY,2004
GOPHER BROKE,2004
GUARD DOG,2004
LORENZO,2004
RYAN,2004
EVERYTHING IN THIS COUNTRY MUST,2004
LITTLE TERRORIST,2004
7:35 IN THE MORNING (7:35 DE LA MAÑANA),2004
"TWO CARS, ONE NIGHT",2004
WASP,2004
SPIDER-MAN 2,2004
"I, ROBOT",2004
BEFORE SUNSET,2004
PIRATES OF THE CARIBBEAN: THE CURSE OF THE BLACK PEARL,2003
HOUSE OF SAND AND FOG,2003
COLD MOUNTAIN,2003
LOST IN TRANSLATION,2003
MYSTIC RIVER,2003
THE COOLER,2003
21 GRAMS,2003
IN AMERICA,2003
THE LAST SAMURAI,2003
WHALE RIDER,2003
SOMETHING'S GOTTA GIVE,2003
MONSTER,2003
PIECES OF APRIL,2003
THIRTEEN,2003
BROTHER BEAR,2003
FINDING NEMO,2003
THE TRIPLETS OF BELLEVILLE,2003
GIRL WITH A PEARL EARRING,2003
THE LORD OF THE RINGS: THE RETURN OF THE KING,2003
MASTER AND COMMANDER: THE FAR SIDE OF THE WORLD,2003
SEABISCUIT,2003
CITY OF GOD,2003
BALSEROS,2003
CAPTURING THE FRIEDMANS,2003
THE FOG OF WAR,2003
MY ARCHITECT,2003
THE WEATHER UNDERGROUND,2003
ASYLUM,2003
CHERNOBYL HEART,2003
FERRY TALES,2003
BIG FISH,2003
A MIGHTY WIND,2003
BOUNDIN',2003
DESTINO,2003
GONE NUTTY,2003
HARVIE KRUMPET,2003
NIBBLES,2003
DIE ROTE JACKE (THE RED JACKET),2003
MOST (THE BRIDGE),2003
SQUASH,2003
(A) TORZIJA [(A) TORSION],2003
TWO SOLDIERS,2003
AMERICAN SPLENDOR,2003
THE BARBARIAN INVASIONS,2003
DIRTY PRETTY THINGS,2003
THE PIANIST,2002
ADAPTATION,2002
THE QUIET AMERICAN,2002
GANGS OF NEW YORK,2002
ABOUT SCHMIDT,2002
THE HOURS,2002
ROAD TO PERDITION,2002
CHICAGO,2002
CATCH ME IF YOU CAN,2002
FRIDA,2002
UNFAITHFUL,2002
FAR FROM HEAVEN,2002
ICE AGE,2002
LILO & STITCH,2002
SPIRIT: STALLION OF THE CIMARRON,2002
SPIRITED AWAY,2002
TREASURE PLANET,2002
THE LORD OF THE RINGS: THE TWO TOWERS,2002
TALK TO HER,2002
BOWLING FOR COLUMBINE,2002
DAUGHTER FROM DANANG,2002
PRISONER OF PARADISE,2002
SPELLBOUND,2002
WINGED MIGRATION,2002
THE COLLECTOR OF BEDFORD STREET,2002
MIGHTY TIMES: THE LEGACY OF ROSA PARKS,2002
TWIN TOWERS,2002
WHY CAN'T WE BE A FAMILY AGAIN?,2002
THE TIME MACHINE,2002
THE WILD THORNBERRYS MOVIE,2002
8 MILE,2002
THE CATHEDRAL,2002
THE CHUBBCHUBBS!,2002
DAS RAD,2002
MIKE'S NEW CAR,2002
MT. HEAD,2002
FAIT D'HIVER,2002
I'LL WAIT FOR THE NEXT ONE... (J'ATTENDRAI LE SUIVANT...),2002
INJA (DOG),2002
JOHNNY FLYNTON,2002
THIS CHARMING MAN (DER ER EN YNDIG MAND),2002
SPIDER-MAN,2002
MINORITY REPORT,2002
STAR WARS EPISODE II ATTACK OF THE CLONES,2002
ABOUT A BOY,2002
MY BIG FAT GREEK WEDDING,2002
Y TU MAMÁ TAMBIÉN,2002
A BEAUTIFUL MIND,2001
I AM SAM,2001
ALI,2001
TRAINING DAY,2001
IN THE BEDROOM,2001
IRIS,2001
SEXY BEAST,2001
THE LORD OF THE RINGS: THE FELLOWSHIP OF THE RING,2001
MONSTER'S BALL,2001
MOULIN ROUGE,2001
BRIDGET JONES'S DIARY,2001
GOSFORD PARK,2001
JIMMY NEUTRON: BOY GENIUS,2001
"MONSTERS, INC.",2001
SHREK,2001
AMÉLIE,2001
HARRY POTTER AND THE SORCERER'S STONE,2001
BLACK HAWK DOWN,2001
THE MAN WHO WASN'T THERE,2001
THE AFFAIR OF THE NECKLACE,2001
MULHOLLAND DRIVE,2001
CHILDREN UNDERGROUND,2001
LALEE'S KIN: THE LEGACY OF COTTON,2001
MURDER ON A SUNDAY MORNING,2001
PROMISES,2001
WAR PHOTOGRAPHER,2001
ARTISTS AND ORPHANS: A TRUE DRAMA,2001
SING!,2001
THOTH,2001
MEMENTO,2001
A.I. ARTIFICIAL INTELLIGENCE,2001
PEARL HARBOR,2001
KATE & LEOPOLD,2001
VANILLA SKY,2001
FIFTY PERCENT GREY,2001
FOR THE BIRDS,2001
GIVE UP YER AUL SINS,2001
STRANGE INVADERS,2001
STUBBLE TROUBLE,2001
THE ACCOUNTANT,2001
COPY SHOP,2001
GREGOR'S GREATEST INVENTION,2001
A MAN THING (MESKA SPRAWA),2001
SPEED FOR THESPIANS,2001
GHOST WORLD,2001
THE ROYAL TENENBAUMS,2001
BEFORE NIGHT FALLS,2000
GLADIATOR,2000
CAST AWAY,2000
POLLOCK,2000
QUILLS,2000
THE CONTENDER,2000
SHADOW OF THE VAMPIRE,2000
TRAFFIC,2000
ERIN BROCKOVICH,2000
CHOCOLAT,2000
REQUIEM FOR A DREAM,2000
YOU CAN COUNT ON ME,2000
ALMOST FAMOUS,2000
BILLY ELLIOT,2000
"CROUCHING TIGER, HIDDEN DRAGON",2000
DR. SEUSS' HOW THE GRINCH STOLE CHRISTMAS,2000
VATEL,2000
MALÈNA,2000
"O BROTHER, WHERE ART THOU?",2000
THE PATRIOT,2000
102 DALMATIANS,2000
INTO THE ARMS OF STRANGERS: STORIES OF THE KINDERTRANSPORT,2000
LEGACY,2000
LONG NIGHT'S JOURNEY INTO DAY,2000
SCOTTSBORO: AN AMERICAN TRAGEDY,2000
SOUND AND FURY,2000
BIG MAMA,2000
CURTAIN CALL,2000
DOLPHINS,2000
THE MAN ON LINCOLN'S NOSE,2000
ON TIPTOE: GENTLE STEPS TO FREEDOM,2000
WONDER BOYS,2000
THE CELL,2000
MEET THE PARENTS,2000
DANCER IN THE DARK,2000
THE EMPEROR'S NEW GROOVE,2000
FATHER AND DAUGHTER,2000
THE PERIWIG-MAKER,2000
REJECTED,2000
BY COURIER,2000
ONE DAY CROSSING,2000
QUIERO SER (I WANT TO BE...),2000
SERAGLIO,2000
A SOCCER STORY (UMA HISTORIA DE FUTEBOL),2000
THE PERFECT STORM,2000
U-571,2000
SPACE COWBOYS,2000
HOLLOW MAN,2000
THE INSIDER,1999
THE STRAIGHT STORY,1999
SWEET AND LOWDOWN,1999
AMERICAN BEAUTY,1999
THE HURRICANE,1999
THE CIDER HOUSE RULES,1999
MAGNOLIA,1999
THE GREEN MILE,1999
THE TALENTED MR. RIPLEY,1999
THE SIXTH SENSE,1999
TUMBLEWEEDS,1999
THE END OF THE AFFAIR,1999
MUSIC OF THE HEART,1999
BOYS DON'T CRY,1999
"GIRL, INTERRUPTED",1999
BEING JOHN MALKOVICH,1999
ANNA AND THE KING,1999
SLEEPY HOLLOW,1999
TOPSY-TURVY,1999
SNOW FALLING ON CEDARS,1999
TITUS,1999
BUENA VISTA SOCIAL CLUB,1999
GENGHIS BLUES,1999
ON THE ROPES,1999
ONE DAY IN SEPTEMBER,1999
SPEAKING IN STRINGS,1999
EYEWITNESS,1999
KING GIMP,1999
THE WILDEST SHOW IN THE SOUTH: THE ANGOLA PRISON RODEO,1999
THE MATRIX,1999
AUSTIN POWERS: THE SPY WHO SHAGGED ME,1999
BICENTENNIAL MAN,1999
LIFE,1999
ANGELA'S ASHES,1999
THE RED VIOLIN,1999
"SOUTH PARK: BIGGER, LONGER & UNCUT",1999
TOY STORY 2,1999
TARZAN,1999
HUMDRUM,1999
MY GRANDMOTHER IRONED THE KING'S SHIRTS,1999
THE OLD MAN AND THE SEA,1999
3 MISSES,1999
WHEN THE DAY BREAKS,1999
"BROR, MIN BROR (TEIS AND NICO)",1999
KILLING JOE,1999
KLEINGELD (SMALL CHANGE),1999
MAJOR AND MINOR MIRACLES,1999
MY MOTHER DREAMS THE SATAN'S DISCIPLES IN NEW YORK,1999
THE MUMMY,1999
STAR WARS EPISODE I: THE PHANTOM MENACE,1999
FIGHT CLUB,1999
STUART LITTLE,1999
ELECTION,1999
LIFE IS BEAUTIFUL,1998
SAVING PRIVATE RYAN,1998
GODS AND MONSTERS,1998
AFFLICTION,1998
AMERICAN HISTORY X,1998
A CIVIL ACTION,1998
THE TRUMAN SHOW,1998
SHAKESPEARE IN LOVE,1998
A SIMPLE PLAN,1998
ELIZABETH,1998
CENTRAL STATION,1998
ONE TRUE THING,1998
HILARY AND JACKIE,1998
PRIMARY COLORS,1998
LITTLE VOICE,1998
PLEASANTVILLE,1998
WHAT DREAMS MAY COME,1998
THE THIN RED LINE,1998
BELOVED,1998
VELVET GOLDMINE,1998
DANCEMAKER,1998
"THE FARM: ANGOLA, U.S.A.",1998
THE LAST DAYS,1998
LENNY BRUCE: SWEAR TO TELL THE TRUTH,1998
REGRET TO INFORM,1998
THE PERSONALS: IMPROVISATIONS ON ROMANCE IN THE GOLDEN YEARS,1998
A PLACE IN THE LAND,1998
SUNRISE OVER TIANANMEN SQUARE,1998
OUT OF SIGHT,1998
A BUG'S LIFE,1998
MULAN,1998
PATCH ADAMS,1998
THE PRINCE OF EGYPT,1998
ARMAGEDDON,1998
QUEST FOR CAMELOT,1998
THE HORSE WHISPERER,1998
BABE: PIG IN THE CITY,1998
BUNNY,1998
THE CANTERBURY TALES,1998
JOLLY ROGER,1998
MORE,1998
WHEN LIFE DEPARTS,1998
CULTURE,1998
ELECTION NIGHT (VALGAFTEN),1998
HOLIDAY ROMANCE,1998
LA CARTE POSTALE (THE POSTCARD),1998
VICTOR,1998
THE MASK OF ZORRO,1998
MIGHTY JOE YOUNG,1998
BULWORTH,1998
GOOD WILL HUNTING,1997
THE APOSTLE,1997
ULEE'S GOLD,1997
WAG THE DOG,1997
AS GOOD AS IT GETS,1997
JACKIE BROWN,1997
AMISTAD,1997
BOOGIE NIGHTS,1997
THE WINGS OF THE DOVE,1997
AFTERGLOW,1997
MRS. BROWN,1997
TITANIC,1997
L.A. CONFIDENTIAL,1997
IN & OUT,1997
GATTACA,1997
KUNDUN,1997
MEN IN BLACK,1997
OSCAR AND LUCINDA,1997
THE FULL MONTY,1997
THE SWEET HEREAFTER,1997
AYN RAND: A SENSE OF LIFE,1997
COLORS STRAIGHT UP,1997
4 LITTLE GIRLS,1997
THE LONG WAY HOME,1997
WACO: THE RULES OF ENGAGEMENT,1997
ALASKA: SPIRIT OF THE WILD,1997
AMAZON,1997
DAUGHTER OF THE BRIDE,1997
STILL KICKING: THE FABULOUS PALM SPRINGS FOLLIES,1997
A STORY OF HEALING,1997
AIR FORCE ONE,1997
ANASTASIA,1997
MY BEST FRIEND'S WEDDING,1997
HERCULES,1997
CON AIR,1997
FAMOUS FRED,1997
GERI'S GAME,1997
LA VIEILLE DAME ET LES PIGEONS (THE OLD LADY AND THE PIGEONS),1997
THE MERMAID,1997
REDUX RIDING HOOD,1997
DANCE LEXIE DANCE,1997
IT'S GOOD TO TALK,1997
SWEETHEARTS?,1997
VISAS AND VIRTUE,1997
WOLFGANG,1997
CONTACT,1997
FACE/OFF,1997
THE FIFTH ELEMENT,1997
THE LOST WORLD: JURASSIC PARK,1997
STARSHIP TROOPERS,1997
DONNIE BRASCO,1997
DECONSTRUCTING HARRY,1997
JERRY MAGUIRE,1996
THE ENGLISH PATIENT,1996
THE PEOPLE VS. LARRY FLYNT,1996
SHINE,1996
SLING BLADE,1996
FARGO,1996
PRIMAL FEAR,1996
GHOSTS OF MISSISSIPPI,1996
SECRETS & LIES,1996
MARVIN'S ROOM,1996
BREAKING THE WAVES,1996
THE CRUCIBLE,1996
THE MIRROR HAS TWO FACES,1996
THE PORTRAIT OF A LADY,1996
THE BIRDCAGE,1996
EVITA,1996
HAMLET,1996
WILLIAM SHAKESPEARE'S ROMEO & JULIET,1996
FLY AWAY HOME,1996
MICHAEL COLLINS,1996
ANGELS AND INSECTS,1996
EMMA,1996
THE LINE KING: THE AL HIRSCHFELD STORY,1996
MANDELA,1996
SUZANNE FARRELL: ELUSIVE MUSE,1996
TELL THE TRUTH AND RUN: GEORGE SELDES AND THE AMERICAN PRESS,1996
WHEN WE WERE KINGS,1996
BREATHING LESSONS: THE LIFE AND WORK OF MARK O'BRIEN,1996
COSMIC VOYAGE,1996
AN ESSAY ON MATISSE,1996
SPECIAL EFFECTS,1996
THE WILD BUNCH: AN ALBUM IN MONTAGE,1996
THE NUTTY PROFESSOR,1996
STAR TREK: FIRST CONTACT,1996
SLEEPERS,1996
THE FIRST WIVES CLUB,1996
THE HUNCHBACK OF NOTRE DAME,1996
JAMES AND THE GIANT PEACH,1996
THE PREACHER'S WIFE,1996
UP CLOSE AND PERSONAL,1996
ONE FINE DAY,1996
THAT THING YOU DO!,1996
CANHEAD,1996
LA SALLA,1996
QUEST,1996
WAT'S PIG,1996
"DE TRIPAS, CORAZON",1996
DEAR DIARY,1996
ERNST & LYSET,1996
ESPOSADOS,1996
WORDLESS,1996
INDEPENDENCE DAY,1996
THE ROCK,1996
TWISTER,1996
DAYLIGHT,1996
ERASER,1996
THE GHOST AND THE DARKNESS,1996
DRAGONHEART,1996
TRAINSPOTTING,1996
LONE STAR,1996
LEAVING LAS VEGAS,1995
MR. HOLLAND'S OPUS,1995
NIXON,1995
DEAD MAN WALKING,1995
THE POSTMAN (IL POSTINO),1995
BABE,1995
APOLLO 13,1995
12 MONKEYS,1995
ROB ROY,1995
THE USUAL SUSPECTS,1995
CASINO,1995
THE BRIDGES OF MADISON COUNTY,1995
SENSE AND SENSIBILITY,1995
MIGHTY APHRODITE,1995
GEORGIA,1995
A LITTLE PRINCESS,1995
RESTORATION,1995
RICHARD III,1995
BATMAN FOREVER,1995
BRAVEHEART,1995
SHANGHAI TRIAD,1995
ANNE FRANK REMEMBERED,1995
THE BATTLE OVER CITIZEN KANE,1995
FIDDLEFEST--ROBERTA TZAVARAS AND HER EAST HARLEM VIOLIN PROGRAM,1995
HANK AARON: CHASING THE DREAM,1995
TROUBLESOME CREEK: A MIDWESTERN,1995
JIM DINE: A SELF-PORTRAIT ON THE WALLS,1995
THE LIVING SEA,1995
NEVER GIVE UP: THE 20TH CENTURY ODYSSEY OF HERBERT ZIPPER,1995
ONE SURVIVOR REMEMBERS,1995
THE SHADOW OF HATE,1995
CRIMSON TIDE,1995
SEVEN,1995
"MY FAMILY, MI FAMILIA",1995
ROOMMATES,1995
THE AMERICAN PRESIDENT,1995
POCAHONTAS,1995
SABRINA,1995
TOY STORY,1995
UNSTRUNG HEROES,1995
DON JUAN DEMARCO,1995
THE CHICKEN FROM OUTER SPACE,1995
A CLOSE SHAVE,1995
THE END,1995
GAGARIN,1995
RUNAWAY BRAIN,1995
BROOMS,1995
DUKE OF GROOVE,1995
LIEBERMAN IN LOVE,1995
LITTLE SURPRISES,1995
TUESDAY MORNING RIDE,1995
WATERWORLD,1995
THE SHAWSHANK REDEMPTION,1994
FORREST GUMP,1994
THE MADNESS OF KING GEORGE,1994
NOBODY'S FOOL,1994
PULP FICTION,1994
ED WOOD,1994
BULLETS OVER BROADWAY,1994
QUIZ SHOW,1994
NELL,1994
BLUE SKY,1994
TOM & VIV,1994
LITTLE WOMEN,1994
THE CLIENT,1994
INTERVIEW WITH THE VAMPIRE,1994
LEGENDS OF THE FALL,1994
RED,1994
WYATT EARP,1994
"THE ADVENTURES OF PRISCILLA, QUEEN OF THE DESERT",1994
MAVERICK,1994
QUEEN MARGOT,1994
COMPLAINTS OF A DUTIFUL DAUGHTER,1994
D-DAY REMEMBERED,1994
FREEDOM ON MY MIND,1994
A GREAT DAY IN HARLEM,1994
MAYA LIN: A STRONG CLEAR VISION,1994
BLUES HIGHWAY,1994
89MM OD EUROPY (89MM FROM EUROPE),1994
SCHOOL OF THE AMERICAS ASSASSINS,1994
STRAIGHT FROM THE HEART,1994
A TIME FOR JUSTICE,1994
HOOP DREAMS,1994
SPEED,1994
MARY SHELLEY'S FRANKENSTEIN,1994
THE LION KING,1994
JUNIOR,1994
THE PAPER,1994
FOUR WEDDINGS AND A FUNERAL,1994
THE BIG STORY,1994
BOB'S BIRTHDAY,1994
THE JANITOR,1994
THE MONK AND THE FISH,1994
TRIANGLE,1994
FRANZ KAFKA'S IT'S A WONDERFUL LIFE,1994
KANGAROO COURT,1994
ON HOPE,1994
SYRUP,1994
TREVOR,1994
CLEAR AND PRESENT DANGER,1994
THE MASK,1994
TRUE LIES,1994
HEAVENLY CREATURES,1994
IN THE NAME OF THE FATHER,1993
WHAT'S LOVE GOT TO DO WITH IT,1993
PHILADELPHIA,1993
THE REMAINS OF THE DAY,1993
SCHINDLER'S LIST,1993
WHAT'S EATING GILBERT GRAPE,1993
THE FUGITIVE,1993
IN THE LINE OF FIRE,1993
SIX DEGREES OF SEPARATION,1993
THE PIANO,1993
SHADOWLANDS,1993
THE FIRM,1993
FEARLESS,1993
THE AGE OF INNOCENCE,1993
ADDAMS FAMILY VALUES,1993
ORLANDO,1993
FAREWELL MY CONCUBINE,1993
SEARCHING FOR BOBBY FISCHER,1993
SHORT CUTS,1993
THE BROADCAST TAPES OF DR. PETER,1993
CHILDREN OF FATE,1993
FOR BETTER OR FOR WORSE,1993
I AM A PROMISE: THE CHILDREN OF STANTON ELEMENTARY SCHOOL,1993
THE WAR ROOM,1993
BLOOD TIES: THE LIFE AND WORK OF SALLY MANN,1993
CHICKS IN WHITE SATIN,1993
DEFENDING OUR LIVES,1993
MRS. DOUBTFIRE,1993
POETIC JUSTICE,1993
BEETHOVEN'S 2ND,1993
SLEEPLESS IN SEATTLE,1993
BLINDSCAPE,1993
THE MIGHTY RIVER,1993
SMALL TALK,1993
THE VILLAGE,1993
THE WRONG TROUSERS,1993
BLACK RIDER (SCHWARZFAHRER),1993
DOWN ON THE WATERFRONT,1993
THE DUTCH MASTER,1993
PARTNERS,1993
THE SCREW (LA VIS),1993
CLIFFHANGER,1993
GERONIMO: AN AMERICAN LEGEND,1993
JURASSIC PARK,1993
THE NIGHTMARE BEFORE CHRISTMAS,1993
DAVE,1993
CHAPLIN,1992
UNFORGIVEN,1992
SCENT OF A WOMAN,1992
THE CRYING GAME,1992
MALCOLM X,1992
A FEW GOOD MEN,1992
GLENGARRY GLEN ROSS,1992
MR. SATURDAY NIGHT,1992
INDOCHINE,1992
PASSION FISH,1992
LOVE FIELD,1992
LORENZO'S OIL,1992
HOWARDS END,1992
HUSBANDS AND WIVES,1992
ENCHANTED APRIL,1992
DAMAGE,1992
MY COUSIN VINNY,1992
BRAM STOKER'S DRACULA,1992
TOYS,1992
HOFFA,1992
THE LOVER,1992
A RIVER RUNS THROUGH IT,1992
THE PLAYER,1992
CHANGING OUR MINDS: THE STORY OF DR. EVELYN HOOKER,1992
FIRES OF KUWAIT,1992
LIBERATORS: FIGHTING ON TWO FRONTS IN WORLD WAR II,1992
MUSIC FOR THE MOVIES: BERNARD HERRMANN,1992
THE PANAMA DECEPTION,1992
AT THE EDGE OF CONQUEST: THE JOURNEY OF CHIEF WAI-WAI,1992
BEYOND IMAGINING: MARGARET ANDERSON AND THE 'LITTLE REVIEW',1992
THE COLOURS OF MY FATHER: A PORTRAIT OF SAM BORENSTEIN,1992
EDUCATING PETER,1992
WHEN ABORTION WAS ILLEGAL: UNTOLD STORIES,1992
BASIC INSTINCT,1992
BATMAN RETURNS,1992
ALADDIN,1992
THE MAMBO KINGS,1992
THE BODYGUARD,1992
ADAM,1992
MONA LISA DESCENDING A STAIRCASE,1992
"RECI, RECI, RECI... (WORDS, WORDS, WORDS)",1992
THE SANDMAN,1992
SCREEN PLAY,1992
CONTACT,1992
CRUISE CONTROL,1992
THE LADY IN WAITING,1992
OMNIBUS,1992
SWAN SONG,1992
THE LAST OF THE MOHICANS,1992
UNDER SIEGE,1992
ALIEN 3,1992
DEATH BECOMES HER,1992
BUGSY,1991
CAPE FEAR,1991
THE SILENCE OF THE LAMBS,1991
THE PRINCE OF TIDES,1991
THE FISHER KING,1991
JFK,1991
BARTON FINK,1991
CITY SLICKERS,1991
THELMA & LOUISE,1991
RAMBLING ROSE,1991
FOR THE BOYS,1991
FRIED GREEN TOMATOES,1991
HOOK,1991
TERMINATOR 2: JUDGMENT DAY,1991
THE ADDAMS FAMILY,1991
MADAME BOVARY,1991
BOYZ N THE HOOD,1991
DEATH ON THE JOB,1991
DOING TIME: LIFE INSIDE THE BIG HOUSE,1991
IN THE SHADOW OF THE STARS,1991
THE RESTLESS CONSCIENCE,1991
WILD BY LAW,1991
BIRDNESTERS OF THAILAND (AKA 'SHADOW HUNTERS'),1991
"DEADLY DECEPTION: GENERAL ELECTRIC, NUCLEAR WEAPONS AND OUR ENVIRONMENT",1991
A LITTLE VICIOUS,1991
THE MARK OF THE MAKER,1991
MEMORIAL: LETTERS FROM AMERICAN SOLDIERS,1991
THE COMMITMENTS,1991
STAR TREK VI THE UNDISCOVERED COUNTRY,1991
BEAUTY AND THE BEAST,1991
ROBIN HOOD: PRINCE OF THIEVES,1991
BLACKFLY,1991
MANIPULATION,1991
STRINGS,1991
BIRCH STREET GYM,1991
LAST BREEZE OF SUMMER,1991
SESSION MAN,1991
BACKDRAFT,1991
EUROPA EUROPA,1991
GRAND CANYON,1991
DANCES WITH WOLVES,1990
AWAKENINGS,1990
CYRANO DE BERGERAC,1990
THE FIELD,1990
REVERSAL OF FORTUNE,1990
LONGTIME COMPANION,1990
"THE GODFATHER, PART III",1990
DICK TRACY,1990
GOOD FELLAS,1990
MISERY,1990
THE GRIFTERS,1990
PRETTY WOMAN,1990
POSTCARDS FROM THE EDGE,1990
MR. & MRS. BRIDGE,1990
GHOST,1990
WILD AT HEART,1990
HAMLET,1990
AVALON,1990
HENRY & JUNE,1990
AMERICAN DREAM,1990
BERKELEY IN THE SIXTIES,1990
BUILDING BOMBS,1990
FOREVER ACTIVISTS: STORIES FROM THE VETERANS OF THE ABRAHAM LINCOLN BRIGADE,1990
WALDO SALT: A SCREENWRITER'S JOURNEY,1990
BURNING DOWN TOMORROW,1990
CHIMPS: SO LIKE US,1990
DAYS OF WAITING,1990
JOURNEY INTO LIFE: THE WORLD OF THE UNBORN,1990
ROSE KENNEDY: A LIFE TO REMEMBER,1990
THE HUNT FOR RED OCTOBER,1990
EDWARD SCISSORHANDS,1990
HAVANA,1990
HOME ALONE,1990
YOUNG GUNS II,1990
CREATURE COMFORTS,1990
A GRAND DAY OUT,1990
GRASSHOPPERS (CAVALLETTE),1990
BRONX CHEERS,1990
DEAR ROSIE,1990
THE LUNCH DATE,1990
SENZENI NA? (WHAT HAVE WE DONE?),1990
12:01 PM,1990
DAYS OF THUNDER,1990
TOTAL RECALL,1990
FLATLINERS,1990
ALICE,1990
GREEN CARD,1990
METROPOLITAN,1990
HENRY V,1989
BORN ON THE FOURTH OF JULY,1989
MY LEFT FOOT,1989
DRIVING MISS DAISY,1989
DEAD POETS SOCIETY,1989
DO THE RIGHT THING,1989
A DRY WHITE SEASON,1989
CRIMES AND MISDEMEANORS,1989
GLORY,1989
CAMILLE CLAUDEL,1989
SHIRLEY VALENTINE,1989
MUSIC BOX,1989
THE FABULOUS BAKER BOYS,1989
"ENEMIES, A LOVE STORY",1989
STEEL MAGNOLIAS,1989
PARENTHOOD,1989
THE ABYSS,1989
THE ADVENTURES OF BARON MUNCHAUSEN,1989
BATMAN,1989
BLAZE,1989
HARLEM NIGHTS,1989
VALMONT,1989
ADAM CLAYTON POWELL,1989
COMMON THREADS: STORIES FROM THE QUILT,1989
CRACK USA: COUNTY UNDER SIEGE,1989
FOR ALL MANKIND,1989
SUPER CHIEF: THE LIFE AND LEGACY OF EARL WARREN,1989
"FINE FOOD, FINE PASTRIES, OPEN 6 TO 9",1989
THE JOHNSTOWN FLOOD,1989
YAD VASHEM: PRESERVING THE PAST TO ENSURE THE FUTURE,1989
THE BEAR,1989
DAD,1989
FIELD OF DREAMS,1989
INDIANA JONES AND THE LAST CRUSADE,1989
THE LITTLE MERMAID,1989
CHANCES ARE,1989
BALANCE,1989
THE COW,1989
THE HILL FARM,1989
AMAZON DIARY,1989
THE CHILDEATER,1989
WORK EXPERIENCE,1989
BLACK RAIN,1989
LETHAL WEAPON 2,1989
BACK TO THE FUTURE PART II,1989
"SEX, LIES, AND VIDEOTAPE",1989
WHEN HARRY MET SALLY...,1989
MISSISSIPPI BURNING,1988
BIG,1988
RAIN MAN,1988
STAND AND DELIVER,1988
PELLE THE CONQUEROR,1988
LITTLE DORRIT,1988
A FISH CALLED WANDA,1988
TUCKER THE MAN AND HIS DREAM,1988
RUNNING ON EMPTY,1988
MARRIED TO THE MOB,1988
DANGEROUS LIAISONS,1988
THE ACCUSED,1988
WORKING GIRL,1988
A CRY IN THE DARK,1988
GORILLAS IN THE MIST,1988
THE ACCIDENTAL TOURIST,1988
ROGER RABBIT,1988
BEACHES,1988
WHO FRAMED ROGER RABBIT,1988
TEQUILA SUNRISE,1988
THE UNBEARABLE LIGHTNESS OF BEING,1988
COMING TO AMERICA,1988
A HANDFUL OF DUST,1988
SUNSET,1988
THE LAST TEMPTATION OF CHRIST,1988
THE CRY OF REASON - BEYERS NAUDÉ: AN AFRIKANER SPEAKS OUT,1988
HOTEL TERMINUS: THE LIFE AND TIMES OF KLAUS BARBIE,1988
LET'S GET LOST,1988
PROMISES TO KEEP,1988
WHO KILLED VINCENT CHIN?,1988
THE CHILDREN'S STOREFRONT,1988
FAMILY GATHERING,1988
GANG COPS,1988
PORTRAIT OF IMOGEN,1988
YOU DON'T HAVE TO DIE,1988
DIE HARD,1988
BEETLEJUICE,1988
SCROOGED,1988
THE MILAGRO BEANFIELD WAR,1988
BAGDAD CAFE,1988
BUSTER,1988
THE CAT CAME BACK,1988
TECHNOLOGICAL THREAT,1988
TIN TOY,1988
THE APPOINTMENTS OF DENNIS JENNINGS,1988
CADILLAC DREAMS,1988
GULLAH TALES,1988
BIRD,1988
WILLOW,1988
BULL DURHAM,1988
WALL STREET,1987
BROADCAST NEWS,1987
DARK EYES,1987
IRONWEED,1987
"GOOD MORNING, VIETNAM",1987
THE UNTOUCHABLES,1987
STREET SMART,1987
MOONSTRUCK,1987
CRY FREEDOM,1987
FATAL ATTRACTION,1987
ANNA,1987
GABY - A TRUE STORY,1987
THROW MOMMA FROM THE TRAIN,1987
THE WHALES OF AUGUST,1987
EMPIRE OF THE SUN,1987
HOPE AND GLORY,1987
THE LAST EMPEROR,1987
RADIO DAYS,1987
MATEWAN,1987
THE DEAD,1987
MAURICE,1987
MY LIFE AS A DOG,1987
EYES ON THE PRIZE: AMERICA'S CIVIL RIGHTS YEARS/BRIDGE TO FREEDOM 1965,1987
HELLFIRE: A JOURNEY FROM HIROSHIMA,1987
RADIO BIKINI,1987
A STITCH FOR TIME,1987
THE TEN-YEAR LUNCH: THE WIT AND LEGEND OF THE ALGONQUIN ROUND TABLE,1987
FRANCES STELOFF: MEMOIRS OF A BOOKSELLER,1987
IN THE WEE WEE HOURS...,1987
LANGUAGE SAYS IT ALL,1987
SILVER INTO GOLD,1987
YOUNG AT HEART,1987
ROBOCOP,1987
HAPPY NEW YEAR,1987
HARRY AND THE HENDERSONS,1987
THE WITCHES OF EASTWICK,1987
DIRTY DANCING,1987
MANNEQUIN,1987
BEVERLY HILLS COP II,1987
THE PRINCESS BRIDE,1987
GEORGE AND ROSEMARY,1987
THE MAN WHO PLANTED TREES,1987
YOUR FACE,1987
MAKING WAVES,1987
RAY'S MALE HETEROSEXUAL DANCE HALL,1987
SHOESHINE,1987
LETHAL WEAPON,1987
INNERSPACE,1987
PREDATOR,1987
FULL METAL JACKET,1987
"AU REVOIR LES ENFANTS (GOODBYE, CHILDREN)",1987
'ROUND MIDNIGHT,1986
MONA LISA,1986
CHILDREN OF A LESSER GOD,1986
THE COLOR OF MONEY,1986
SALVADOR,1986
PLATOON,1986
HANNAH AND HER SISTERS,1986
A ROOM WITH A VIEW,1986
HOOSIERS,1986
THE MORNING AFTER,1986
CRIMES OF THE HEART,1986
PEGGY SUE GOT MARRIED,1986
ALIENS,1986
THE MISSION,1986
STAR TREK IV: THE VOYAGE HOME,1986
OTELLO,1986
PIRATES,1986
BLUE VELVET,1986
ARTIE SHAW: TIME IS ALL YOU'VE GOT,1986
CHILE: HASTA CUANDO?,1986
DOWN AND OUT IN AMERICA,1986
ISAAC IN AMERICA: A JOURNEY WITH ISAAC BASHEVIS SINGER,1986
WITNESS TO APARTHEID,1986
DEBONAIR DANCERS,1986
THE MASTERS OF DISASTER,1986
RED GROOMS: SUNFLOWER IN A HOTHOUSE,1986
SAM,1986
"WOMEN--FOR AMERICA, FOR THE WORLD",1986
TOP GUN,1986
THE CLAN OF THE CAVE BEAR,1986
THE FLY,1986
LEGEND,1986
THE KARATE KID PART II,1986
THAT'S LIFE,1986
LITTLE SHOP OF HORRORS,1986
AN AMERICAN TAIL,1986
"THE FROG, THE DOG AND THE DEVIL",1986
A GREEK TRAGEDY,1986
LUXO JR.,1986
EXIT,1986
LOVE STRUCK,1986
PRECIOUS IMAGES,1986
HEARTBREAK RIDGE,1986
POLTERGEIST II: THE OTHER SIDE,1986
STAND BY ME,1986
'CROCODILE' DUNDEE,1986
MY BEAUTIFUL LAUNDRETTE,1986
WITNESS,1985
MURPHY'S ROMANCE,1985
KISS OF THE SPIDER WOMAN,1985
PRIZZI'S HONOR,1985
RUNAWAY TRAIN,1985
COCOON,1985
OUT OF AFRICA,1985
JAGGED EDGE,1985
AGNES OF GOD,1985
THE COLOR PURPLE,1985
SWEET DREAMS,1985
THE TRIP TO BOUNTIFUL,1985
TWICE IN A LIFETIME,1985
BRAZIL,1985
RAN,1985
THE JOURNEY OF NATTY GANN,1985
BROKEN RAINBOW,1985
LAS MADRES--THE MOTHERS OF PLAZA DE MAYO,1985
SOLDIERS IN HIDING,1985
THE STATUE OF LIBERTY,1985
UNFINISHED BUSINESS,1985
THE COURAGE TO CARE,1985
KEATS AND HIS NIGHTINGALE: A BLIND DATE,1985
MAKING OVERTURES--THE STORY OF A COMMUNITY ORCHESTRA,1985
WITNESS TO WAR: DR. CHARLIE CLEMENTS,1985
THE WIZARD OF THE STRINGS,1985
A CHORUS LINE,1985
MASK,1985
REMO WILLIAMS: THE ADVENTURE BEGINS,1985
SILVERADO,1985
BACK TO THE FUTURE,1985
WHITE NIGHTS,1985
ANNA & BELLA,1985
THE BIG SNIT,1985
SECOND CLASS MAIL,1985
GRAFFITI,1985
MOLLY'S PILGRIM,1985
RAINBOW WAR,1985
LADYHAWKE,1985
RAMBO: FIRST BLOOD PART II,1985
RETURN TO OZ,1985
YOUNG SHERLOCK HOLMES,1985
THE OFFICIAL STORY,1985
THE PURPLE ROSE OF CAIRO,1985
AMADEUS,1984
STARMAN,1984
UNDER THE VOLCANO,1984
THE KILLING FIELDS,1984
A SOLDIER'S STORY,1984
PLACES IN THE HEART,1984
THE KARATE KID,1984
"GREYSTOKE: THE LEGEND OF TARZAN, LORD OF THE APES",1984
A PASSAGE TO INDIA,1984
COUNTRY,1984
THE BOSTONIANS,1984
THE RIVER,1984
THE NATURAL,1984
SWING SHIFT,1984
THE POPE OF GREENWICH VILLAGE,1984
THE COTTON CLUB,1984
2010,1984
BROADWAY DANNY ROSE,1984
HIGH SCHOOLS,1984
IN THE NAME OF THE PEOPLE,1984
MARLENE,1984
STREETWISE,1984
THE TIMES OF HARVEY MILK,1984
THE CHILDREN OF SOONG CHING LING,1984
CODE GRAY: ETHICAL DILEMMAS IN NURSING,1984
THE GARDEN OF EDEN,1984
RECOLLECTIONS OF PAVLOVSK,1984
THE STONE CARVERS,1984
ROMANCING THE STONE,1984
INDIANA JONES AND THE TEMPLE OF DOOM,1984
THE MUPPETS TAKE MANHATTAN,1984
PURPLE RAIN,1984
SONGWRITER,1984
AGAINST ALL ODDS,1984
FOOTLOOSE,1984
GHOSTBUSTERS,1984
THE WOMAN IN RED,1984
CHARADE,1984
DOCTOR DE SOTO,1984
PARADISE,1984
THE PAINTED DOOR,1984
TALES OF MEETING AND PARTING,1984
UP,1984
DUNE,1984
BEVERLY HILLS COP,1984
EL NORTE,1984
SPLASH,1984
EDUCATING RITA,1983
"REUBEN, REUBEN",1983
THE DRESSER,1983
TENDER MERCIES,1983
TO BE OR NOT TO BE,1983
TERMS OF ENDEARMENT,1983
THE RIGHT STUFF,1983
CROSS CREEK,1983
TESTAMENT,1983
SILKWOOD,1983
THE BIG CHILL,1983
THE YEAR OF LIVING DANGEROUSLY,1983
YENTL,1983
FANNY & ALEXANDER,1983
RETURN OF THE JEDI,1983
FLASHDANCE,1983
WARGAMES,1983
ZELIG,1983
HEART LIKE A WHEEL,1983
THE RETURN OF MARTIN GUERRE,1983
CHILDREN OF DARKNESS,1983
FIRST CONTACT,1983
HE MAKES ME FEEL LIKE DANCIN',1983
THE PROFESSION OF ARMS,1983
SEEING RED,1983
FLAMENCO AT 5:15,1983
IN THE NUCLEAR SHADOW: WHAT CAN THE CHILDREN TELL US?,1983
SEWING WOMAN,1983
SPACES: THE ARCHITECTURE OF PAUL RUDOLPH,1983
YOU ARE FREE (IHR ZENT FREI),1983
BLUE THUNDER,1983
UNDER FIRE,1983
THE STING II,1983
TRADING PLACES,1983
MICKEY'S CHRISTMAS CAROL,1983
SOUND OF SUNSHINE - SOUND OF RAIN,1983
SUNDAE IN NEW YORK,1983
BOYS AND GIRLS,1983
GOODIE-TWO-SHOES,1983
OVERNIGHT SENSATION,1983
NEVER CRY WOLF,1983
BETRAYAL,1983
TOOTSIE,1982
GANDHI,1982
MISSING,1982
THE VERDICT,1982
MY FAVORITE YEAR,1982
THE BEST LITTLE WHOREHOUSE IN TEXAS,1982
AN OFFICER AND A GENTLEMAN,1982
THE WORLD ACCORDING TO GARP,1982
VICTOR/VICTORIA,1982
FRANCES,1982
SOPHIE'S CHOICE,1982
ANNIE,1982
BLADE RUNNER,1982
LA TRAVIATA,1982
DAS BOOT,1982
E.T. THE EXTRA-TERRESTRIAL,1982
TRON,1982
AFTER THE AXE,1982
BEN'S MILL,1982
IN OUR WATER,1982
JUST ANOTHER MISSING KID,1982
A PORTRAIT OF GISELLE,1982
GODS OF METAL,1982
IF YOU LOVE THIS PLANET,1982
THE KLAN: A LEGACY OF HATE IN AMERICA,1982
TO LIVE OR LET DIE,1982
TRAVELING HOPEFULLY,1982
QUEST FOR FIRE,1982
POLTERGEIST,1982
ONE FROM THE HEART,1982
ROCKY III,1982
BEST FRIENDS,1982
"YES, GIORGIO",1982
THE GREAT COGNITO,1982
THE SNOWMAN,1982
TANGO,1982
BALLET ROBOTIQUE,1982
A SHOCKING ACCIDENT,1982
THE SILENCE,1982
SPLIT CHERRY TREE,1982
SREDNI VASHTAR,1982
DINER,1982
REDS,1981
ON GOLDEN POND,1981
ATLANTIC CITY,1981
ARTHUR,1981
ABSENCE OF MALICE,1981
ONLY WHEN I LAUGH,1981
CHARIOTS OF FIRE,1981
RAGTIME,1981
THE FRENCH LIEUTENANT'S WOMAN,1981
HEAVEN'S GATE,1981
RAIDERS OF THE LOST ARK,1981
EXCALIBUR,1981
PENNIES FROM HEAVEN,1981
AGAINST WIND AND TIDE: A CUBAN ODYSSEY,1981
BROOKLYN BRIDGE,1981
EIGHT MINUTES TO MIDNIGHT: A PORTRAIT OF DR. HELEN CALDICOTT,1981
EL SALVADOR: ANOTHER VIETNAM,1981
GENOCIDE,1981
AMERICAS IN TRANSITION,1981
CLOSE HARMONY,1981
JOURNEY FOR SURVIVAL,1981
SEE WHAT I SAY,1981
URGE TO BUILD,1981
AN AMERICAN WEREWOLF IN LONDON,1981
HEARTBEEPS,1981
DRAGONSLAYER,1981
ENDLESS LOVE,1981
THE GREAT MUPPET CAPER,1981
FOR YOUR EYES ONLY,1981
CRAC,1981
THE CREATION,1981
THE TENDER TALE OF CINDERELLA PENGUIN,1981
COUPLES AND ROBBERS,1981
FIRST WINTER,1981
VIOLET,1981
OUTLAND,1981
PRINCE OF THE CITY,1981
RAGING BULL,1980
THE GREAT SANTINI,1980
THE ELEPHANT MAN,1980
TRIBUTE,1980
THE STUNT MAN,1980
ORDINARY PEOPLE,1980
MELVIN AND HOWARD,1980
RESURRECTION,1980
PRIVATE BENJAMIN,1980
GLORIA,1980
COAL MINER'S DAUGHTER,1980
INSIDE MOVES,1980
THE EMPIRE STRIKES BACK,1980
KAGEMUSHA (THE SHADOW WARRIOR),1980
TESS,1980
THE BLUE LAGOON,1980
THE FORMULA,1980
MY BRILLIANT CAREER,1980
SOMEWHERE IN TIME,1980
WHEN TIME RAN OUT,1980
AGEE,1980
THE DAY AFTER TRINITY,1980
FROM MAO TO MOZART: ISAAC STERN IN CHINA,1980
FRONT LINE,1980
THE YELLOW STAR - THE PERSECUTION OF THE JEWS IN EUROPE 1933-45,1980
DON'T MESS WITH BILL,1980
THE ERUPTION OF MOUNT ST. HELENS,1980
IT'S THE SAME WORLD,1980
KARL HESS: TOWARD LIBERTY,1980
LUTHER METKE AT 94,1980
THE COMPETITION,1980
FAME,1980
ALTERED STATES,1980
NINE TO FIVE,1980
HONEYSUCKLE ROSE,1980
ALL NOTHING,1980
THE FLY,1980
HISTORY OF THE WORLD IN THREE MINUTES FLAT,1980
THE DOLLAR BOTTOM,1980
FALL LINE,1980
A JURY OF HER PEERS,1980
BREAKER MORANT,1980
BRUBAKER,1980
MON ONCLE D'AMERIQUE,1980
KRAMER VS. KRAMER,1979
THE CHINA SYNDROME,1979
...AND JUSTICE FOR ALL,1979
ALL THAT JAZZ,1979
BEING THERE,1979
APOCALYPSE NOW,1979
THE ROSE,1979
THE BLACK STALLION,1979
STARTING OVER,1979
NORMA RAE,1979
CHAPTER TWO,1979
BREAKING AWAY,1979
MANHATTAN,1979
ALIEN,1979
STAR TREK - THE MOTION PICTURE,1979
THE BLACK HOLE,1979
1941,1979
AGATHA,1979
BUTCH AND SUNDANCE: THE EARLY DAYS,1979
THE EUROPEANS,1979
LA CAGE AUX FOLLES,1979
BEST BOY,1979
GENERATION ON THE WIND,1979
GOING THE DISTANCE,1979
THE KILLING GROUND,1979
THE WAR AT HOME,1979
DAE,1979
KORYO CELADON,1979
NAILS,1979
PAUL ROBESON: TRIBUTE TO AN ARTIST,1979
REMEMBER ME,1979
THE AMITYVILLE HORROR,1979
THE CHAMP,1979
A LITTLE ROMANCE,1979
10,1979
THE MUPPET MOVIE,1979
THE PROMISE,1979
ICE CASTLES,1979
DREAM DOLL,1979
EVERY CHILD,1979
IT'S SO NICE TO HAVE A WOLF AROUND THE HOUSE,1979
BOARD AND CARE,1979
BRAVERY IN THE FIELD,1979
"OH BROTHER, MY BROTHER",1979
THE SOLAR FILM,1979
SOLLY'S DINER,1979
THE ELECTRIC HORSEMAN,1979
METEOR,1979
MOONRAKER,1979
HEAVEN CAN WAIT,1978
THE BUDDY HOLLY STORY,1978
THE DEER HUNTER,1978
THE BOYS FROM BRAZIL,1978
COMING HOME,1978
COMES A HORSEMAN,1978
MIDNIGHT EXPRESS,1978
AUTUMN SONATA,1978
"SAME TIME, NEXT YEAR",1978
AN UNMARRIED WOMAN,1978
INTERIORS,1978
CALIFORNIA SUITE,1978
THE BRINK'S JOB,1978
THE WIZ,1978
DAYS OF HEAVEN,1978
CARAVANS,1978
DEATH ON THE NILE,1978
THE SWARM,1978
THE LOVERS' WIND,1978
MYSTERIOUS CASTLES OF CLAY,1978
RAONI,1978
SCARED STRAIGHT!,1978
WITH BABIES AND BANNERS: STORY OF THE WOMEN'S EMERGENCY BRIGADE,1978
THE DIVIDED TRAIL: A NATIVE AMERICAN ODYSSEY,1978
AN ENCOUNTER WITH FACES,1978
THE FLIGHT OF THE GOSSAMER CONDOR,1978
GOODNIGHT MISS ANN,1978
SQUIRES OF SAN QUENTIN,1978
SUPERMAN,1978
PRETTY BABY,1978
GREASE,1978
THANK GOD IT'S FRIDAY,1978
FOUL PLAY,1978
THE MAGIC OF LASSIE,1978
OH MY DARLING,1978
RIP VAN WINKLE,1978
SPECIAL DELIVERY,1978
A DIFFERENT APPROACH,1978
MANDY'S GRANDMOTHER,1978
STRANGE FRUIT,1978
TEENAGE FATHER,1978
HOOPER,1978
BLOODBROTHERS,1978
ANNIE HALL,1977
EQUUS,1977
THE GOODBYE GIRL,1977
A SPECIAL DAY,1977
SATURDAY NIGHT FEVER,1977
THE TURNING POINT,1977
STAR WARS,1977
JULIA,1977
CLOSE ENCOUNTERS OF THE THIRD KIND,1977
LOOKING FOR MR. GOODBAR,1977
AIRPORT '77,1977
THE SPY WHO LOVED ME,1977
ISLANDS IN THE STREAM,1977
A LITTLE NIGHT MUSIC,1977
THE OTHER SIDE OF MIDNIGHT,1977
THE CHILDREN OF THEATRE STREET,1977
HIGH GRASS CIRCUS,1977
HOMAGE TO CHAGALL--THE COLOURS OF LOVE,1977
UNION MAIDS,1977
WHO ARE THE DEBOLTS? AND WHERE DID THEY GET NINETEEN KIDS?,1977
"AGUEDA MARTINEZ: OUR PEOPLE, OUR COUNTRY",1977
FIRST EDITION,1977
GRAVITY IS MY ENEMY,1977
"OF TIME, TOMBS AND TREASURE",1977
THE SHETLAND EXPERIENCE,1977
SMOKEY AND THE BANDIT,1977
MOHAMMAD - MESSENGER OF GOD,1977
PETE'S DRAGON,1977
THE SLIPPER AND THE ROSE--THE STORY OF CINDERELLA,1977
THE RESCUERS,1977
YOU LIGHT UP MY LIFE,1977
THE BEAD GAME,1977
THE DOONESBURY SPECIAL,1977
JIMMY THE C,1977
THE SAND CASTLE,1977
THE ABSENT-MINDED WAITER,1977
FLOATING FREE,1977
I'LL FIND A WAY,1977
NOTES ON THE POPULAR ARTS,1977
SPACEBORNE,1977
THE DEEP,1977
SORCERER,1977
I NEVER PROMISED YOU A ROSE GARDEN,1977
"OH, GOD!",1977
THAT OBSCURE OBJECT OF DESIRE,1977
THE LATE SHOW,1977
TAXI DRIVER,1976
NETWORK,1976
SEVEN BEAUTIES,1976
ROCKY,1976
MARATHON MAN,1976
ALL THE PRESIDENT'S MEN,1976
"COUSIN, COUSINE",1976
CARRIE,1976
FACE TO FACE,1976
VOYAGE OF THE DAMNED,1976
THE INCREDIBLE SARAH,1976
THE LAST TYCOON,1976
LOGAN'S RUN,1976
THE SHOOTIST,1976
BOUND FOR GLORY,1976
KING KONG,1976
A STAR IS BORN,1976
FELLINI'S CASANOVA,1976
THE PASSOVER PLOT,1976
THE SEVEN-PER-CENT SOLUTION,1976
"HARLAN COUNTY, U.S.A.",1976
HOLLYWOOD ON TRIAL,1976
OFF THE EDGE,1976
PEOPLE OF THE WIND,1976
VOLCANO: AN INQUIRY INTO THE LIFE AND DEATH OF MALCOLM LOWRY,1976
AMERICAN SHOESHINE,1976
BLACKWOOD,1976
THE END OF THE ROAD,1976
NUMBER OUR DAYS,1976
UNIVERSE,1976
TWO-MINUTE WARNING,1976
OBSESSION,1976
THE OMEN,1976
THE OUTLAW JOSEY WALES,1976
BUGSY MALONE,1976
THE PINK PANTHER STRIKES AGAIN,1976
HALF A HOUSE,1976
DEDALO,1976
LEISURE,1976
THE STREET,1976
IN THE REGION OF ICE,1976
KUDZU,1976
THE MORNING SPIDER,1976
NIGHTLIFE,1976
NUMBER ONE,1976
SILVER STREAK,1976
THE FRONT,1976
THE SUNSHINE BOYS,1975
ONE FLEW OVER THE CUCKOO'S NEST,1975
DOG DAY AFTERNOON,1975
THE MAN IN THE GLASS BOOTH,1975
"GIVE 'EM HELL, HARRY!",1975
THE DAY OF THE LOCUST,1975
SHAMPOO,1975
THE STORY OF ADELE H.,1975
TOMMY,1975
HEDDA,1975
HESTER STREET,1975
NASHVILLE,1975
"FAREWELL, MY LOVELY",1975
JACQUELINE SUSANN'S ONCE IS NOT ENOUGH,1975
BARRY LYNDON,1975
THE HINDENBURG,1975
THE MAN WHO WOULD BE KING,1975
FUNNY LADY,1975
THE FOUR MUSKETEERS,1975
THE MAGIC FLUTE,1975
AMARCORD,1975
THE CALIFORNIA REICH,1975
FIGHTING FOR OUR LIVES,1975
THE INCREDIBLE MACHINE,1975
THE MAN WHO SKIED DOWN EVEREST,1975
THE OTHER HALF OF THE SKY: A CHINA MEMOIR,1975
ARTHUR AND LILLIE,1975
THE END OF THE GAME,1975
MILLIONS OF YEARS AHEAD OF MAN,1975
PROBES IN SPACE,1975
WHISTLING SMITH,1975
JAWS,1975
THREE DAYS OF THE CONDOR,1975
"BIRDS DO IT, BEES DO IT",1975
BITE THE BULLET,1975
THE WIND AND THE LION,1975
WHIFFS,1975
THE OTHER SIDE OF THE MOUNTAIN,1975
MAHOGANY,1975
GREAT,1975
KICK ME,1975
MONSIEUR POINTU,1975
SISYPHUS,1975
ANGEL AND BIG JOE,1975
CONQUEST OF LIGHT,1975
DAWN FLIGHT,1975
A DAY IN THE LIFE OF BONNIE CONSOLO,1975
DOUBLETALK,1975
AND NOW MY LOVE,1975
LIES MY FATHER TOLD ME,1975
SCENT OF A WOMAN,1975
HARRY AND TONTO,1974
MURDER ON THE ORIENT EXPRESS,1974
LENNY,1974
CHINATOWN,1974
THE GODFATHER PART II,1974
THE TOWERING INFERNO,1974
THUNDERBOLT AND LIGHTFOOT,1974
ALICE DOESN'T LIVE HERE ANYMORE,1974
CLAUDINE,1974
A WOMAN UNDER THE INFLUENCE,1974
DAY FOR NIGHT,1974
BLAZING SADDLES,1974
EARTHQUAKE,1974
THE ISLAND AT THE TOP OF THE WORLD,1974
DAISY MILLER,1974
THE GREAT GATSBY,1974
ANTONIA: A PORTRAIT OF THE WOMAN,1974
THE CHALLENGE...A TRIBUTE TO MODERN ART,1974
THE 81ST BLOW,1974
HEARTS AND MINDS,1974
THE WILD AND THE BRAVE,1974
CITY OUT OF WILDERNESS,1974
DON'T,1974
EXPLORATORIUM,1974
JOHN MUIR'S HIGH SIERRA,1974
NAKED YOGA,1974
THE LONGEST YARD,1974
SHANKS,1974
THE LITTLE PRINCE,1974
PHANTOM OF THE PARADISE,1974
BENJI,1974
GOLD,1974
THE CONVERSATION,1974
CLOSED MONDAYS,1974
THE FAMILY THAT DWELT APART,1974
HUNGER,1974
VOYAGE TO NEXT,1974
WINNIE THE POOH AND TIGGER TOO,1974
CLIMB,1974
THE CONCERT,1974
ONE-EYED MEN ARE KINGS,1974
PLANET OCEAN,1974
THE VIOLIN,1974
YOUNG FRANKENSTEIN,1974
THE APPRENTICESHIP OF DUDDY KRAVITZ,1974
LAST TANGO IN PARIS,1973
SAVE THE TIGER,1973
THE LAST DETAIL,1973
SERPICO,1973
THE STING,1973
BANG THE DRUM SLOWLY,1973
THE PAPER CHASE,1973
THE EXORCIST,1973
A TOUCH OF CLASS,1973
CINDERELLA LIBERTY,1973
THE WAY WE WERE,1973
"SUMMER WISHES, WINTER DREAMS",1973
AMERICAN GRAFFITI,1973
PAPER MOON,1973
BROTHER SUN SISTER MOON,1973
TOM SAWYER,1973
CRIES AND WHISPERS,1973
JONATHAN LIVINGSTON SEAGULL,1973
LUDWIG,1973
ALWAYS A NEW BEGINNING,1973
BATTLE OF BERLIN,1973
THE GREAT AMERICAN COWBOY,1973
JOURNEY TO THE OUTER LIMITS,1973
WALLS OF FIRE,1973
BACKGROUND,1973
CHILDREN AT WORK (PAISTI AG OBAIR),1973
CHRISTO'S VALLEY CURTAIN,1973
FOUR STONES FOR KANEMITSU,1973
PRINCETON: A SEARCH FOR ANSWERS,1973
THE DAY OF THE JACKAL,1973
THE DAY OF THE DOLPHIN,1973
PAPILLON,1973
JESUS CHRIST SUPERSTAR,1973
LIVE AND LET DIE,1973
ROBIN HOOD,1973
FRANK FILM,1973
THE LEGEND OF JOHN HENRY,1973
PULCINELLA,1973
THE BOLERO,1973
CLOCKMAKER,1973
LIFE TIMES NINE,1973
THE GODFATHER,1972
SLEUTH,1972
THE RULING CLASS,1972
SOUNDER,1972
THE HEARTBREAK KID,1972
CABARET,1972
LADY SINGS THE BLUES,1972
TRAVELS WITH MY AUNT,1972
THE EMIGRANTS,1972
BUTTERFLIES ARE FREE,1972
PETE 'N' TILLIE,1972
FAT CITY,1972
THE POSEIDON ADVENTURE,1972
YOUNG WINSTON,1972
1776,1972
DELIVERANCE,1972
APE AND SUPER-APE,1972
MALCOLM X,1972
MANSON,1972
MARJOE,1972
THE SILENT REVOLUTION,1972
HUNDERTWASSER'S RAINY DAY,1972
K-Z,1972
SELLING OUT,1972
THIS TINY WORLD,1972
THE TIDE OF TRAFFIC,1972
THE HOT ROCK,1972
IMAGES,1972
LIMELIGHT,1972
NAPOLEON AND SAMANTHA,1972
MAN OF LA MANCHA,1972
BEN,1972
THE LITTLE ARK,1972
THE LIFE AND TIMES OF JUDGE ROY BEAN,1972
THE STEPMOTHER,1972
A CHRISTMAS CAROL,1972
KAMA SUTRA RIDES AGAIN,1972
TUP TUP,1972
FROG STORY,1972
NORMAN ROCKWELL'S WORLD...AN AMERICAN DREAM,1972
SOLO,1972
THE CANDIDATE,1972
THE DISCREET CHARM OF THE BOURGEOISIE,1972
MURMUR OF THE HEART,1972
SUNDAY BLOODY SUNDAY,1971
THE FRENCH CONNECTION,1971
KOTCH,1971
THE HOSPITAL,1971
FIDDLER ON THE ROOF,1971
THE LAST PICTURE SHOW,1971
SOMETIMES A GREAT NOTION,1971
MCCABE & MRS. MILLER,1971
KLUTE,1971
"MARY, QUEEN OF SCOTS",1971
NICHOLAS AND ALEXANDRA,1971
CARNAL KNOWLEDGE,1971
WHO IS HARRY KELLERMAN AND WHY IS HE SAYING THOSE TERRIBLE THINGS ABOUT ME?,1971
THE GO-BETWEEN,1971
THE ANDROMEDA STRAIN,1971
BEDKNOBS AND BROOMSTICKS,1971
SUMMER OF '42,1971
DEATH IN VENICE,1971
WHAT'S THE MATTER WITH HELEN?,1971
A CLOCKWORK ORANGE,1971
ALASKA WILDERNESS LAKE,1971
THE HELLSTROM CHRONICLE,1971
ON ANY SUNDAY,1971
THE RA EXPEDITIONS,1971
THE SORROW AND THE PITY,1971
ADVENTURES IN PERCEPTION,1971
ART IS...,1971
THE NUMBERS START WITH THE RIVER,1971
SENTINELS OF SILENCE,1971
SOMEBODY WAITING,1971
SHAFT,1971
STRAW DOGS,1971
THE BOY FRIEND,1971
TCHAIKOVSKY,1971
WILLY WONKA AND THE CHOCOLATE FACTORY,1971
BLESS THE BEASTS & CHILDREN,1971
THE CRUNCH BIRD,1971
EVOLUTION,1971
THE SELFISH GIANT,1971
GOOD MORNING,1971
THE REHEARSAL,1971
DIAMONDS ARE FOREVER,1971
WHEN DINOSAURS RULED THE EARTH,1971
THE CONFORMIST,1971
THE GARDEN OF THE FINZI CONTINIS,1971
INVESTIGATION OF A CITIZEN ABOVE SUSPICION,1971
I NEVER SANG FOR MY FATHER,1970
THE GREAT WHITE HOPE,1970
FIVE EASY PIECES,1970
LOVE STORY,1970
PATTON,1970
LOVERS AND OTHER STRANGERS,1970
LITTLE BIG MAN,1970
RYAN'S DAUGHTER,1970
WOMEN IN LOVE,1970
DIARY OF A MAD HOUSEWIFE,1970
THE LANDLORD,1970
AIRPORT,1970
M*A*S*H,1970
THE MOLLY MAGUIRES,1970
SCROOGE,1970
TORA! TORA! TORA!,1970
CROMWELL,1970
DARLING LILI,1970
THE HAWAIIANS,1970
FELLINI SATYRICON,1970
CHARIOTS OF THE GODS,1970
JACK JOHNSON,1970
KING: A FILMED RECORD...MONTGOMERY TO MEMPHIS,1970
SAY GOODBYE,1970
WOODSTOCK,1970
THE GIFTS,1970
INTERVIEWS WITH MY LAI VETERANS,1970
A LONG WAY FROM NOWHERE,1970
OISIN,1970
TIME IS RUNNING OUT,1970
SUNFLOWER,1970
THE BABY MAKER,1970
A BOY NAMED CHARLIE BROWN,1970
LET IT BE,1970
PIECES OF DREAMS,1970
MADRON,1970
THE FURTHER ADVENTURES OF UNCLE SAM: PART TWO,1970
IS IT ALWAYS RIGHT TO BE RIGHT?,1970
THE SHEPHERD,1970
THE RESURRECTION OF BRONCHO BILLY,1970
SHUT UP...I'M CRYING,1970
STICKY MY FINGERS...FLEET MY FEET,1970
JOE,1970
MY NIGHT AT MAUD'S,1970
ANNE OF THE THOUSAND DAYS,1969
MIDNIGHT COWBOY,1969
"GOODBYE, MR. CHIPS",1969
TRUE GRIT,1969
THE REIVERS,1969
BOB & CAROL & TED & ALICE,1969
EASY RIDER,1969
"THEY SHOOT HORSES, DON'T THEY?",1969
THE STERILE CUCKOO,1969
THE HAPPY ENDING,1969
THE PRIME OF MISS JEAN BRODIE,1969
LAST SUMMER,1969
CACTUS FLOWER,1969
"GAILY, GAILY",1969
"HELLO, DOLLY!",1969
SWEET CHARITY,1969
BUTCH CASSIDY AND THE SUNDANCE KID,1969
MAROONED,1969
ALICE'S RESTAURANT,1969
Z,1969
ARTHUR RUBINSTEIN - THE LOVE OF LIFE,1969
BEFORE THE MOUNTAIN WAS MOVED,1969
IN THE YEAR OF THE PIG,1969
THE OLYMPICS IN MEXICO,1969
THE WOLF MEN,1969
CZECHOSLOVAKIA 1968,1969
AN IMPRESSION OF JOHN STEINBECK: WRITER,1969
JENNY IS A GOOD THING,1969
LEO BEUERMAN,1969
THE MAGIC MACHINES,1969
THE SECRET OF SANTA VITTORIA,1969
THE WILD BUNCH,1969
PAINT YOUR WAGON,1969
IT'S TOUGH TO BE A BIRD,1969
OF MEN AND DEMONS,1969
WALKING,1969
BLAKE,1969
PEOPLE SOUP,1969
"KRAKATOA, EAST OF JAVA",1969
"GOODBYE, COLUMBUS",1969
THE DAMNED,1969
THE HEART IS A LONELY HUNTER,1968
THE FIXER,1968
OLIVER!,1968
THE LION IN WINTER,1968
CHARLY,1968
THE SUBJECT WAS ROSES,1968
FACES,1968
STAR!,1968
THE PRODUCERS,1968
ISADORA,1968
FUNNY GIRL,1968
"RACHEL, RACHEL",1968
ROSEMARY'S BABY,1968
THE SHOES OF THE FISHERMAN,1968
2001: A SPACE ODYSSEY,1968
WAR AND PEACE,1968
ICE STATION ZEBRA,1968
ROMEO AND JULIET,1968
PLANET OF THE APES,1968
THE BATTLE OF ALGIERS,1968
A FEW NOTES ON OUR FOOD PROBLEM,1968
JOURNEY INTO SELF,1968
THE LEGENDARY CHAMPIONS,1968
OTHER VOICES,1968
YOUNG AMERICANS,1968
THE HOUSE THAT ANANDA BUILT,1968
THE REVOLVING DOOR,1968
A SPACE TO GROW,1968
A WAY OUT OF THE WILDERNESS,1968
WHY MAN CREATES,1968
BULLITT,1968
THE ODD COUPLE,1968
WILD IN THE STREETS,1968
TO JOHN CHAMBERS FOR HIS OUTSTANDING MAKEUP ACHIEVEMENT FOR PLANET OF THE APES.,1968
THE FOX,1968
THE THOMAS CROWN AFFAIR,1968
FINIAN'S RAINBOW,1968
THE YOUNG GIRLS OF ROCHEFORT,1968
CHITTY CHITTY BANG BANG,1968
FOR LOVE OF IVY,1968
THE HOUSE THAT JACK BUILT,1968
THE MAGIC PEAR TREE,1968
WINDY DAY,1968
WINNIE THE POOH AND THE BLUSTERY DAY,1968
THE DOVE,1968
DUO,1968
PRELUDE,1968
ROBERT KENNEDY REMEMBERED,1968
HOT MILLIONS,1968
BONNIE AND CLYDE,1967
THE GRADUATE,1967
COOL HAND LUKE,1967
IN THE HEAT OF THE NIGHT,1967
GUESS WHO'S COMING TO DINNER,1967
THE DIRTY DOZEN,1967
THE WHISPERERS,1967
WAIT UNTIL DARK,1967
THOROUGHLY MODERN MILLIE,1967
BAREFOOT IN THE PARK,1967
CAMELOT,1967
DOCTOR DOLITTLE,1967
THE TAMING OF THE SHREW,1967
IN COLD BLOOD,1967
THE HAPPIEST MILLIONAIRE,1967
THE ANDERSON PLATOON,1967
FESTIVAL,1967
HARVEST,1967
A KING'S STORY,1967
A TIME FOR BURNING,1967
MONUMENT TO THE DREAM,1967
A PLACE TO STAND,1967
THE REDWOODS,1967
SEE YOU AT THE PILLAR,1967
WHILE I RUN THIS RACE,1967
BEACH RED,1967
FAR FROM THE MADDING CROWD,1967
VALLEY OF THE DOLLS,1967
THE JUNGLE BOOK,1967
BANNING,1967
CASINO ROYALE,1967
THE BOX,1967
HYPOTHESE BETA,1967
WHAT ON EARTH!,1967
PADDLE TO THE SEA,1967
SKY OVER HOLLAND,1967
"STOP, LOOK AND LISTEN",1967
TOBRUK,1967
ULYSSES,1967
DIVORCE AMERICAN STYLE,1967
LA GUERRE EST FINIE,1967
TWO FOR THE ROAD,1967
THE RUSSIANS ARE COMING THE RUSSIANS ARE COMING,1966
WHO'S AFRAID OF VIRGINIA WOOLF?,1966
ALFIE,1966
THE SAND PEBBLES,1966
A MAN FOR ALL SEASONS,1966
GEORGY GIRL,1966
THE FORTUNE COOKIE,1966
A MAN AND A WOMAN,1966
THE SHOP ON MAIN STREET,1966
MORGAN!,1966
HAWAII,1966
YOU'RE A BIG BOY NOW,1966
THE GOSPEL ACCORDING TO ST. MATTHEW,1966
IS PARIS BURNING?,1966
MISTER BUDDWING,1966
FANTASTIC VOYAGE,1966
GAMBIT,1966
JULIET OF THE SPIRITS,1966
THE OSCAR,1966
SECONDS,1966
THE PROFESSIONALS,1966
MANDRAGOLA,1966
BLOW-UP,1966
THE FACE OF GENIUS,1966
HELICOPTER CANADA,1966
LE VOLCAN INTERDIT (THE FORBIDDEN VOLCANO),1966
THE REALLY BIG FAMILY,1966
THE WAR GAME,1966
ADOLESCENCE,1966
COWBOY,1966
THE ODDS AGAINST,1966
SAINT MATTHEW PASSION,1966
A YEAR TOWARD TOMORROW,1966
GRAND PRIX,1966
THE BIBLE,1966
BORN FREE,1966
A FUNNY THING HAPPENED ON THE WAY TO THE FORUM,1966
RETURN OF THE SEVEN,1966
THE SINGING NUN,1966
STOP THE WORLD--I WANT TO GET OFF,1966
AN AMERICAN DREAM,1966
THE DRAG,1966
HERB ALPERT AND THE TIJUANA BRASS DOUBLE FEATURE,1966
THE PINK BLUEPRINT,1966
TURKEY THE BRIDGE,1966
WILD WINGS,1966
THE WINNING STRAIN,1966
KHARTOUM,1966
THE NAKED PREY,1966
THE SPY WHO CAME IN FROM THE COLD,1965
CAT BALLOU,1965
OTHELLO,1965
THE PAWNBROKER,1965
SHIP OF FOOLS,1965
A THOUSAND CLOWNS,1965
THE FLIGHT OF THE PHOENIX,1965
DOCTOR ZHIVAGO,1965
THE SOUND OF MUSIC,1965
DARLING,1965
THE COLLECTOR,1965
A PATCH OF BLUE,1965
INSIDE DAISY CLOVER,1965
KING RAT,1965
THE SLENDER THREAD,1965
THE AGONY AND THE ECSTASY,1965
THE GREATEST STORY EVER TOLD,1965
IN HARM'S WAY,1965
MORITURI,1965
THE GREAT RACE,1965
A RAGE TO LIVE,1965
WOMAN IN THE DUNES,1965
THE BATTLE OF THE BULGE...THE BRAVE RIFLES,1965
THE ELEANOR ROOSEVELT STORY,1965
THE FORTH ROAD BRIDGE,1965
LET MY PEOPLE GO,1965
TO DIE IN MADRID,1965
MURAL ON OUR STREET,1965
OUVERTURE,1965
POINT OF VIEW,1965
TO BE ALIVE!,1965
YEATS COUNTRY,1965
THE UMBRELLAS OF CHERBOURG,1965
THE PLEASURE SEEKERS,1965
THE SANDPIPER,1965
WHAT'S NEW PUSSYCAT?,1965
CLAY OR THE ORIGIN OF SPECIES,1965
THE DOT AND THE LINE,1965
THE THIEVING MAGPIE (LA GAZZA LADRA),1965
THE CHICKEN (LE POULET),1965
FORTRESS OF PEACE,1965
SKATERDATER,1965
SNOW,1965
TIME PIECE,1965
SHENANDOAH,1965
VON RYAN'S EXPRESS,1965
THUNDERBALL,1965
CASANOVA '70,1965
THOSE MAGNIFICENT MEN IN THEIR FLYING MACHINES,1965
THE TRAIN,1965
BECKET,1964
MY FAIR LADY,1964
ZORBA THE GREEK,1964
DR. STRANGELOVE OR: HOW I LEARNED TO STOP WORRYING AND LOVE THE BOMB,1964
SEVEN DAYS IN MAY,1964
THE BEST MAN,1964
TOPKAPI,1964
MARY POPPINS,1964
THE PUMPKIN EATER,1964
MARRIAGE ITALIAN STYLE,1964
THE UNSINKABLE MOLLY BROWN,1964
SEANCE ON A WET AFTERNOON,1964
THE CHALK GARDEN,1964
THE NIGHT OF THE IGUANA,1964
"HUSH...HUSH, SWEET CHARLOTTE",1964
THE AMERICANIZATION OF EMILY,1964
WHAT A WAY TO GO!,1964
FATE IS THE HUNTER,1964
CHEYENNE AUTUMN,1964
A HOUSE IS NOT A HOME,1964
KISSES FOR MY PRESIDENT,1964
THE VISIT,1964
THE FINEST HOURS,1964
FOUR DAYS IN NOVEMBER,1964
THE HUMAN DUTCH,1964
JACQUES-YVES COUSTEAU'S WORLD WITHOUT SUN,1964
"OVER THERE, 1914-18",1964
BREAKING THE HABIT,1964
CHILDREN WITHOUT,1964
KENOJUAK,1964
NINE FROM LITTLE ROCK,1964
140 DAYS UNDER THE WORLD,1964
FATHER GOOSE,1964
7 FACES OF DR. LAO.,1964
THE FALL OF THE ROMAN EMPIRE,1964
THE PINK PANTHER,1964
A HARD DAY'S NIGHT,1964
ROBIN AND THE 7 HOODS,1964
DEAR HEART,1964
WHERE LOVE HAS GONE,1964
CHRISTMAS CRACKER,1964
HOW TO AVOID FRIENDSHIP,1964
NUDNIK #2,1964
THE PINK PHINK,1964
CASALS CONDUCTS: 1964,1964
HELP! MY SNOWMAN'S BURNING DOWN,1964
THE LEGEND OF JIMMY BLUE EYES,1964
GOLDFINGER,1964
THE LIVELY SET,1964
7 FACES OF DR. LAO,1964
"ONE POTATO, TWO POTATO",1964
THE ORGANIZER,1964
THAT MAN FROM RIO,1964
TOM JONES,1963
THIS SPORTING LIFE,1963
CLEOPATRA,1963
HUD,1963
LILIES OF THE FIELD,1963
TWILIGHT OF HONOR,1963
"CAPTAIN NEWMAN, M.D.",1963
THE CARDINAL,1963
THE L-SHAPED ROOM,1963
IRMA LA DOUCE,1963
LOVE WITH THE PROPER STRANGER,1963
THE V.I.P.S,1963
AMERICA AMERICA,1963
FEDERICO FELLINI'S 8-1/2,1963
COME BLOW YOUR HORN,1963
HOW THE WEST WAS WON,1963
THE BALCONY,1963
THE CARETAKERS,1963
"IT'S A MAD, MAD, MAD, MAD WORLD",1963
THE STRIPPER,1963
TOYS IN THE ATTIC,1963
WIVES AND LOVERS,1963
THE LEOPARD,1963
A NEW KIND OF LOVE,1963
LE MAILLON ET LA CHAINE (THE LINK AND THE CHAIN),1963
ROBERT FROST: A LOVER'S QUARREL WITH THE WORLD,1963
TERMINUS,1963
THE YANKS ARE COMING,1963
CHAGALL,1963
THE FIVE CITIES OF JUNE,1963
THE SPIRIT OF AMERICA,1963
THIRTY MILLION LETTERS,1963
TO LIVE AGAIN,1963
THE GREAT ESCAPE,1963
55 DAYS AT PEKING,1963
BYE BYE BIRDIE,1963
SUNDAYS AND CYBELE,1963
THE SWORD IN THE STONE,1963
PAPA'S DELICATE CONDITION,1963
CHARADE,1963
MONDO CANE,1963
AUTOMANIA 2000,1963
THE CRITIC,1963
THE GAME (IGRA),1963
MY FINANCIAL CAREER,1963
PIANISSIMO,1963
THE CONCERT,1963
HOME-MADE CAR,1963
AN OCCURRENCE AT OWL CREEK BRIDGE,1963
SIX-SIDED TRIANGLE,1963
THAT'S ME,1963
A GATHERING OF EAGLES,1963
THE BIRDS,1963
THE FOUR DAYS OF NAPLES,1963
BIRDMAN OF ALCATRAZ,1962
DAYS OF WINE AND ROSES,1962
DIVORCE--ITALIAN STYLE,1962
LAWRENCE OF ARABIA,1962
TO KILL A MOCKINGBIRD,1962
SWEET BIRD OF YOUTH,1962
WHAT EVER HAPPENED TO BABY JANE?,1962
BILLY BUDD,1962
THE MIRACLE WORKER,1962
LONG DAY'S JOURNEY INTO NIGHT,1962
THE MANCHURIAN CANDIDATE,1962
THE LONGEST DAY,1962
PERIOD OF ADJUSTMENT,1962
THE PIGEON THAT TOOK ROME,1962
MEREDITH WILLSON'S THE MUSIC MAN,1962
MUTINY ON THE BOUNTY,1962
THAT TOUCH OF MINK,1962
THE WONDERFUL WORLD OF THE BROTHERS GRIMM,1962
TWO FOR THE SEESAW,1962
GYPSY,1962
HATARI!,1962
THE MAN WHO SHOT LIBERTY VALANCE,1962
PHAEDRA,1962
BON VOYAGE!,1962
MY GEISHA,1962
DAVID AND LISA,1962
ALVORADA (BRAZIL'S CHANGING FACE),1962
BLACK FOX,1962
DYLAN THOMAS,1962
THE JOHN GLENN STORY,1962
THE ROAD TO THE WALL,1962
FREUD,1962
TARAS BULBA,1962
BILLY ROSE'S JUMBO,1962
GIGOT,1962
TENDER IS THE NIGHT,1962
WALK ON THE WILD SIDE,1962
THE HOLE,1962
ICARUS MONTGOLFIER WRIGHT,1962
NOW HEAR THIS,1962
SELF DEFENSE--FOR COWARDS,1962
SYMPOSIUM ON POPULAR SONGS,1962
BIG CITY BLUES,1962
THE CADILLAC,1962
THE CLIFF DWELLERS (FORMERLY TITLED 'ONE PLUS ONE'),1962
HEUREUX ANNIVERSAIRE (HAPPY ANNIVERSARY),1962
PAN,1962
LOLITA,1962
LAST YEAR AT MARIENBAD,1962
THROUGH A GLASS DARKLY,1962
FANNY,1961
THE HUSTLER,1961
JUDGMENT AT NUREMBERG,1961
THE MARK,1961
WEST SIDE STORY,1961
POCKETFUL OF MIRACLES,1961
BREAKFAST AT TIFFANY'S,1961
TWO WOMEN,1961
SUMMER AND SMOKE,1961
SPLENDOR IN THE GRASS,1961
THE CHILDREN'S HOUR,1961
THE ROMAN SPRING OF MRS. STONE,1961
THE ABSENT MINDED PROFESSOR,1961
LA DOLCE VITA,1961
EL CID,1961
FLOWER DRUM SONG,1961
"ONE, TWO, THREE",1961
A MAJORITY OF ONE,1961
ONE-EYED JACKS,1961
CLAUDELLE INGLISH,1961
YOJIMBO,1961
BABES IN TOYLAND,1961
BACK STREET,1961
THE GUNS OF NAVARONE,1961
LA GRANDE OLIMPIADE (OLYMPIC GAMES 1960),1961
LE CIEL ET LA BOUE (SKY ABOVE AND MUD BENEATH),1961
BREAKING THE LANGUAGE BARRIER,1961
CRADLE OF GENIUS,1961
KAHL,1961
L'UOMO IN GRIGIO (THE MAN IN GRAY),1961
PROJECT HOPE,1961
THE PARENT TRAP,1961
KHOVANSHCHINA,1961
PARIS BLUES,1961
BACHELOR IN PARADISE,1961
TOWN WITHOUT PITY,1961
AQUAMANIA,1961
BEEP PREPARED,1961
ERSATZ (THE SUBSTITUTE),1961
NELLY'S FOLLY,1961
THE PIED PIPER OF GUADALUPE,1961
BALLON VOLE (PLAY BALL!),1961
THE FACE OF JESUS,1961
ROOFTOPS OF NEW YORK,1961
SEAWARDS THE GREAT SHIPS,1961
"VERY NICE, VERY NICE",1961
BALLAD OF A SOLDIER,1961
GENERAL DELLA ROVERE,1961
LOVER COME BACK,1961
SONS AND LOVERS,1960
ELMER GANTRY,1960
THE APARTMENT,1960
THE ENTERTAINER,1960
INHERIT THE WIND,1960
"MURDER, INC.",1960
EXODUS,1960
SPARTACUS,1960
THE ALAMO,1960
SUNRISE AT CAMPOBELLO,1960
THE SUNDOWNERS,1960
NEVER ON SUNDAY,1960
BUTTERFIELD 8,1960
THE DARK AT THE TOP OF THE STAIRS,1960
PSYCHO,1960
THE FACTS OF LIFE,1960
VISIT TO A SMALL PLANET,1960
CIMARRON,1960
IT STARTED IN NAPLES,1960
PEPE,1960
THE RISE AND FALL OF LEGS DIAMOND,1960
SEVEN THIEVES,1960
THE VIRGIN SPRING,1960
CAN-CAN,1960
MIDNIGHT LACE,1960
THE HORSE WITH THE FLYING TAIL,1960
REBEL IN PARADISE,1960
BEYOND SILENCE,1960
A CITY CALLED COPENHAGEN,1960
GEORGE GROSZ' INTERREGNUM,1960
GIUSEPPINA,1960
UNIVERSE,1960
THE MAGNIFICENT SEVEN,1960
BELLS ARE RINGING,1960
LET'S MAKE LOVE,1960
SONG WITHOUT END (THE STORY OF FRANZ LISZT),1960
HIGH TIME,1960
GOLIATH II,1960
HIGH NOTE,1960
MOUSE AND GARDEN,1960
MUNRO,1960
A PLACE IN THE SUN,1960
THE CREATION OF WOMAN,1960
DAY OF THE PAINTER,1960
ISLANDS OF THE SEA,1960
A SPORT IS BORN,1960
TUNES OF GLORY,1960
THE ANGRY SILENCE,1960
"HIROSHIMA, MON AMOUR",1960
ROOM AT THE TOP,1959
BEN-HUR,1959
SOME LIKE IT HOT,1959
THE LAST ANGRY MAN,1959
ANATOMY OF A MURDER,1959
THE YOUNG PHILADELPHIANS,1959
THE DIARY OF ANNE FRANK,1959
PILLOW TALK,1959
THE NUN'S STORY,1959
"SUDDENLY, LAST SUMMER",1959
IMITATION OF LIFE,1959
CAREER,1959
THE BIG FISHERMAN,1959
JOURNEY TO THE CENTER OF THE EARTH,1959
NORTH BY NORTHWEST,1959
THE FIVE PENNIES,1959
PORGY AND BESS,1959
THE GAZEBO,1959
THE BEST OF EVERYTHING,1959
THE RACE FOR SPACE,1959
SERENGETI SHALL NOT DIE,1959
DONALD IN MATHMAGIC LAND,1959
FROM GENERATION TO GENERATION,1959
GLASS,1959
ON THE BEACH,1959
LI'L ABNER,1959
SAY ONE FOR ME,1959
SLEEPING BEAUTY,1959
THE HANGING TREE,1959
A HOLE IN THE HEAD,1959
THE YOUNG LAND,1959
MEXICALI SHMOES,1959
MOONBIRD,1959
NOAH'S ARK,1959
THE VIOLINIST,1959
BETWEEN THE TIDES,1959
THE GOLDEN FISH,1959
MYSTERIES OF THE DEEP,1959
"THE RUNNING, JUMPING AND STANDING-STILL FILM",1959
SKYSCRAPER,1959
LIBEL!,1959
THE 400 BLOWS,1959
OPERATION PETTICOAT,1959
WILD STRAWBERRIES,1959
THE DEFIANT ONES,1958
CAT ON A HOT TIN ROOF,1958
SEPARATE TABLES,1958
THE OLD MAN AND THE SEA,1958
THE BROTHERS KARAMAZOV,1958
THE BIG COUNTRY,1958
SOME CAME RUNNING,1958
TEACHER'S PET,1958
I WANT TO LIVE!,1958
AUNTIE MAME,1958
LONELYHEARTS,1958
"BELL, BOOK AND CANDLE",1958
A CERTAIN SMILE,1958
GIGI,1958
VERTIGO,1958
DESIRE UNDER THE ELMS,1958
THE YOUNG LIONS,1958
SOUTH PACIFIC,1958
THE BUCCANEER,1958
THE INN OF THE SIXTH HAPPINESS,1958
ANTARCTIC CROSSING,1958
THE HIDDEN WORLD,1958
PSYCHIATRIC NURSING,1958
WHITE WILDERNESS,1958
AMA GIRLS,1958
EMPLOYEES ONLY,1958
JOURNEY INTO SPRING,1958
THE LIVING STONE,1958
OVERTURE,1958
COWBOY,1958
THE BOLSHOI BALLET,1958
DAMN YANKEES,1958
MARDI GRAS,1958
HOUSEBOAT,1958
MARJORIE MORNINGSTAR,1958
KNIGHTY KNIGHT BUGS,1958
PAUL BUNYAN,1958
SIDNEY'S FAMILY TREE,1958
GRAND CANYON,1958
THE KISS,1958
SNOWS OF AORANGI,1958
T IS FOR TUMBLEWEED,1958
A TIME TO LOVE AND A TIME TO DIE,1958
THE HORSE'S MOUTH,1958
THE GODDESS,1958
THE SHEEPMAN,1958
SAYONARA,1957
A HATFUL OF RAIN,1957
THE BRIDGE ON THE RIVER KWAI,1957
WITNESS FOR THE PROSECUTION,1957
WILD IS THE WIND,1957
A FAREWELL TO ARMS,1957
PEYTON PLACE,1957
"HEAVEN KNOWS, MR. ALLISON",1957
RAINTREE COUNTY,1957
THE THREE FACES OF EVE,1957
THE BACHELOR PARTY,1957
FUNNY FACE,1957
LES GIRLS,1957
PAL JOEY,1957
AN AFFAIR TO REMEMBER,1957
12 ANGRY MEN,1957
ALBERT SCHWEITZER,1957
ON THE BOWERY,1957
TORERO!,1957
GUNFIGHT AT THE O.K. CORRAL,1957
BOY ON A DOLPHIN,1957
PERRI,1957
THE JOKER IS WILD,1957
APRIL LOVE,1957
TAMMY AND THE BACHELOR,1957
BIRDS ANONYMOUS,1957
ONE DROOPY KNIGHT,1957
TABASCO ROAD,1957
"TREES AND JAMAICA DADDY -- STEPHEN BOSUSTOW, PRODUCER",1957
THE TRUTH ABOUT MOTHER GOOSE,1957
A CHAIRY TALE,1957
CITY OF GOLD,1957
FOOTHOLD ON ANTARCTICA,1957
PORTUGAL,1957
THE WETBACK HOUND,1957
DESIGNING WOMAN,1957
MAN OF A THOUSAND FACES,1957
THE TIN STAR,1957
VITELLONI,1957
THE KING AND I,1956
GIANT,1956
LUST FOR LIFE,1956
RICHARD III,1956
BUS STOP,1956
FRIENDLY PERSUASION,1956
THE BOLD AND THE BRAVE,1956
WRITTEN ON THE WIND,1956
BABY DOLL,1956
ANASTASIA,1956
THE RAINMAKER,1956
THE BAD SEED,1956
THE MAGNIFICENT SEVEN,1956
THE PROUD AND PROFANE,1956
THE SOLID GOLD CADILLAC,1956
SOMEBODY UP THERE LIKES ME,1956
TEENAGE REBEL,1956
AROUND THE WORLD IN 80 DAYS,1956
THE TEN COMMANDMENTS,1956
THE HARDER THEY FALL,1956
STAGECOACH TO FURY,1956
THE EDDY DUCHIN STORY,1956
WAR AND PEACE,1956
THE POWER AND THE PRIZE,1956
THE NAKED EYE,1956
THE SILENT WORLD,1956
WHERE MOUNTAINS FLOAT,1956
A CITY DECIDES,1956
THE DARK WAVE,1956
THE HOUSE WITHOUT A NAME,1956
MAN IN SPACE,1956
THE TRUE STORY OF THE CIVIL WAR,1956
THE BRAVE ONE,1956
BETWEEN HEAVEN AND HELL,1956
THE BEST THINGS IN LIFE ARE FREE,1956
HIGH SOCIETY,1956
MEET ME IN LAS VEGAS,1956
JULIE,1956
THE MAN WHO KNEW TOO MUCH,1956
GERALD MCBOING-BOING ON PLANET MOO,1956
THE JAYWALKER,1956
MISTER MAGOO'S PUDDLE JUMPER,1956
CRASHING THE WATER BARRIER,1956
I NEVER FORGET A FACE,1956
TIME STOOD STILL,1956
THE BESPOKE OVERCOAT,1956
COW DOG,1956
SAMOA,1956
THE PROUD AND THE BEAUTIFUL,1956
UMBERTO D.,1956
LA STRADA,1956
THE LADYKILLERS,1956
THE RED BALLOON,1956
MARTY,1955
LOVE ME OR LEAVE ME,1955
EAST OF EDEN,1955
THE MAN WITH THE GOLDEN ARM,1955
BAD DAY AT BLACK ROCK,1955
TRIAL,1955
MISTER ROBERTS,1955
REBEL WITHOUT A CAUSE,1955
PICNIC,1955
I'LL CRY TOMORROW,1955
SUMMERTIME,1955
LOVE IS A MANY-SPLENDORED THING,1955
THE ROSE TATTOO,1955
INTERRUPTED MELODY,1955
PETE KELLY'S BLUES,1955
BLACKBOARD JUNGLE,1955
DADDY LONG LEGS,1955
GUYS AND DOLLS,1955
TO CATCH A THIEF,1955
QUEEN BEE,1955
A MAN CALLED PETER,1955
OKLAHOMA!,1955
THE PICKWICK PAPERS,1955
UGETSU,1955
THE VIRGIN QUEEN,1955
HEARTBREAK RIDGE,1955
HELEN KELLER IN HER STORY,1955
THE BATTLE OF GETTYSBURG,1955
THE FACE OF LINCOLN,1955
MEN AGAINST THE ARCTIC,1955
THE BRIDGES AT TOKO-RI,1955
BATTLE CRY,1955
IT'S ALWAYS FAIR WEATHER,1955
THE TENDER TRAP,1955
UNCHAINED,1955
GOOD WILL TO MEN,1955
THE LEGEND OF ROCK-A-BYE POINT,1955
NO HUNTING,1955
SPEEDY GONZALES,1955
GADGETS GALORE,1955
SURVIVAL CITY,1955
3RD AVE. EL,1955
THREE KISSES,1955
ON THE TWELFTH DAY...,1955
SWITZERLAND,1955
24-HOUR ALERT,1955
NOT AS A STRANGER,1955
THE PRIVATE WAR OF MAJOR BENSON,1955
THE SHEEP HAS FIVE LEGS,1955
STRATEGIC AIR COMMAND,1955
THE COURT-MARTIAL OF BILLY MITCHELL,1955
MR. HULOT'S HOLIDAY,1955
THE SEVEN LITTLE FOYS,1955
THE CAINE MUTINY,1954
ON THE WATERFRONT,1954
THE COUNTRY GIRL,1954
A STAR IS BORN,1954
ADVENTURES OF ROBINSON CRUSOE,1954
THE BAREFOOT CONTESSA,1954
CARMEN JONES,1954
SABRINA,1954
MAGNIFICENT OBSESSION,1954
EXECUTIVE SUITE,1954
BROKEN LANCE,1954
THE HIGH AND THE MIGHTY,1954
LE PLAISIR,1954
BRIGADOON,1954
DESIREE,1954
RED GARTERS,1954
"20,000 LEAGUES UNDER THE SEA",1954
ROGUE COP,1954
THE EGYPTIAN,1954
REAR WINDOW,1954
SEVEN BRIDES FOR SEVEN BROTHERS,1954
THE SILVER CHALICE,1954
THREE COINS IN THE FOUNTAIN,1954
THE EARRINGS OF MADAME DE...,1954
INDISCRETION OF AN AMERICAN WIFE,1954
IT SHOULD HAPPEN TO YOU,1954
GATE OF HELL,1954
THERE'S NO BUSINESS LIKE SHOW BUSINESS,1954
THE STRATFORD ADVENTURE,1954
THE VANISHING PRAIRIE,1954
JET CARRIER,1954
REMBRANDT: A SELF-PORTRAIT,1954
THURSDAY'S CHILDREN,1954
GENEVIEVE,1954
THE GLENN MILLER STORY,1954
WHITE CHRISTMAS,1954
SUSAN SLEPT HERE,1954
CRAZY MIXED UP PUP,1954
PIGS IS PIGS,1954
SANDY CLAWS,1954
"TOUCHÉ, PUSSY CAT",1954
WHEN MAGOO FLEW,1954
THE FIRST PIANO QUARTETTE,1954
THE STRAUSS FANTASY,1954
THIS MECHANICAL AGE,1954
BEAUTY AND THE BULL,1954
SIAM,1954
A TIME OUT OF WAR,1954
"BREAD, LOVE AND DREAMS",1954
FORBIDDEN GAMES,1954
NIGHT PEOPLE,1954
KNOCK ON WOOD,1954
JULIUS CAESAR,1953
THE ROBE,1953
FROM HERE TO ETERNITY,1953
STALAG 17,1953
ROMAN HOLIDAY,1953
SHANE,1953
LILI,1953
MOGAMBO,1953
THE MOON IS BLUE,1953
HONDO,1953
TORCH SONG,1953
PICKUP ON SOUTH STREET,1953
MARTIN LUTHER,1953
THE PRESIDENT'S LADY,1953
TITANIC,1953
KNIGHTS OF THE ROUND TABLE,1953
THE STORY OF THREE LOVES,1953
YOUNG BESS,1953
THE FOUR POSTER,1953
ALL THE BROTHERS WERE VALIANT,1953
BENEATH THE 12-MILE REEF,1953
THE ACTRESS,1953
DREAM WIFE,1953
THE BAND WAGON,1953
CALL ME MADAM,1953
HOW TO MARRY A MILLIONAIRE,1953
THE CONQUEST OF EVEREST,1953
THE LIVING DESERT,1953
A QUEEN IS CROWNED,1953
THE ALASKAN ESKIMO,1953
THE LIVING CITY,1953
OPERATION BLUE JAY,1953
THEY PLANTED A STONE,1953
THE WORD,1953
CRAZYLEGS,1953
THE WAR OF THE WORLDS,1953
ABOVE AND BEYOND,1953
THIS IS CINERAMA,1953
CALAMITY JANE,1953
"THE 5,000 FINGERS OF DR. T",1953
KISS ME KATE,1953
SMALL TOWN GIRL,1953
MISS SADIE THOMPSON,1953
THE CADDY,1953
CHRISTOPHER CRUMPET,1953
FROM A TO Z-Z-Z-Z,1953
RUGGED BEAR,1953
THE TELL TALE HEART,1953
"TOOT, WHISTLE, PLUNK AND BOOM",1953
CHRIST AMONG THE PRIMITIVES,1953
HERRING HUNT,1953
JOY OF LIVING,1953
THE MERRY WIVES OF WINDSOR OVERTURE,1953
WEE WATER WONDERS,1953
BEAR COUNTRY,1953
BEN AND ME,1953
RETURN TO GLENNASCAUL,1953
VESUVIUS EXPRESS,1953
WINTER PARADISE,1953
THE MISSISSIPPI GAMBLER,1953
THE CAPTAIN'S PARADISE,1953
LITTLE FUGITIVE,1953
THE CRUEL SEA,1953
THE DESERT RATS,1953
THE NAKED SPUR,1953
TAKE THE HIGH GROUND,1953
VIVA ZAPATA!,1952
HIGH NOON,1952
THE BAD AND THE BEAUTIFUL,1952
MOULIN ROUGE,1952
THE LAVENDER HILL MOB,1952
MY COUSIN RACHEL,1952
THE BIG SKY,1952
THE QUIET MAN,1952
SUDDEN FEAR,1952
"COME BACK, LITTLE SHEBA",1952
THE STAR,1952
THE MEMBER OF THE WEDDING,1952
WITH A SONG IN MY HEART,1952
SINGIN' IN THE RAIN,1952
CARRIE,1952
RASHOMON,1952
HANS CHRISTIAN ANDERSEN,1952
THE MERRY WIDOW,1952
THE SNOWS OF KILIMANJARO,1952
NAVAJO,1952
IVANHOE,1952
MILLION DOLLAR MERMAID,1952
AFFAIR IN TRINIDAD,1952
THE GREATEST SHOW ON EARTH,1952
FIVE FINGERS,1952
THE HOAXTERS,1952
THE SEA AROUND US,1952
DEVIL TAKE US,1952
THE GARDEN SPIDER (EPEIRA DIADEMA),1952
MAN ALIVE!,1952
NEIGHBOURS,1952
FLAT TOP,1952
MIRACLE OF FATIMA,1952
THE THIEF,1952
THE JAZZ SINGER,1952
THE MEDIUM,1952
SON OF PALEFACE,1952
BECAUSE YOU'RE MINE,1952
JUST FOR YOU,1952
JOHANN MOUSE,1952
LITTLE JOHNNY JET,1952
MADELINE,1952
PINK AND BLUE BLUES,1952
ROMANCE OF TRANSPORTATION,1952
ATHLETES OF THE SADDLE,1952
DESERT KILLER,1952
LIGHT IN THE WINDOW: THE ART OF VERMEER,1952
ROYAL SCOTLAND,1952
BRIDGE OF TIME,1952
THAR SHE BLOWS!,1952
WATER BIRDS,1952
BREAKING THE SOUND BARRIER,1952
THE PROMOTER,1952
MY SON JOHN,1952
THE NARROW MARGIN,1952
THE PRIDE OF ST. LOUIS,1952
THE SNIPER,1952
THE MAN IN THE WHITE SUIT,1952
THE ATOMIC CITY,1952
PAT AND MIKE,1952
THE AFRICAN QUEEN,1951
A STREETCAR NAMED DESIRE,1951
A PLACE IN THE SUN,1951
BRIGHT VICTORY,1951
DEATH OF A SALESMAN,1951
QUO VADIS,1951
COME FILL THE CUP,1951
DETECTIVE STORY,1951
THE BLUE VEIL,1951
THE MATING SEASON,1951
FOURTEEN HOURS,1951
HOUSE ON TELEGRAPH HILL,1951
LA RONDE,1951
TOO YOUNG TO KISS,1951
AN AMERICAN IN PARIS,1951
DAVID AND BATHSHEBA,1951
ON THE RIVIERA,1951
TALES OF HOFFMANN,1951
THE FROGMEN,1951
STRANGERS ON A TRAIN,1951
SHOW BOAT,1951
WHEN WORLDS COLLIDE,1951
KIND LADY,1951
THE MODEL AND THE MARRIAGE BROKER,1951
THE MUDLARK,1951
THE GREAT CARUSO,1951
I WAS A COMMUNIST FOR THE F.B.I.,1951
KON-TIKI,1951
BENJY,1951
ONE WHO CAME BACK,1951
THE SEEING EYE,1951
DECISION BEFORE DAWN,1951
THE WELL,1951
ALICE IN WONDERLAND,1951
HERE COMES THE GROOM,1951
THE STRIP,1951
GOLDEN GIRL,1951
ROYAL WEDDING,1951
"RICH, YOUNG AND PRETTY",1951
"LAMBERT, THE SHEEPISH LION",1951
ROOTY TOOT TOOT,1951
THE TWO MOUSEKETEERS,1951
RIDIN' THE RAILS,1951
THE STORY OF TIME,1951
WORLD OF KIDS,1951
BALZAC,1951
DANGER UNDER THE SEA,1951
NATURE'S HALF ACRE,1951
I WANT YOU,1951
TWO TICKETS TO BROADWAY,1951
BULLFIGHTER AND THE LADY,1951
SEVEN DAYS TO NOON,1951
TERESA,1951
THE BIG CARNIVAL,1951
GO FOR BROKE!,1951
THE MAGNIFICENT YANKEE,1950
CYRANO DE BERGERAC,1950
SUNSET BLVD.,1950
HARVEY,1950
FATHER OF THE BRIDE,1950
BROKEN ARROW,1950
MISTER 880,1950
THE ASPHALT JUNGLE,1950
ALL ABOUT EVE,1950
BORN YESTERDAY,1950
CAGED,1950
THE RED DANUBE,1950
ANNIE GET YOUR GUN,1950
DESTINATION MOON,1950
SAMSON AND DELILAH,1950
THE FURIES,1950
THE THIRD MAN,1950
THE FLAME AND THE ARROW,1950
KING SOLOMON'S MINES,1950
THE BLACK ROSE,1950
THAT FORSYTE WOMAN,1950
THE TITAN: STORY OF MICHELANGELO,1950
WITH THESE HANDS,1950
THE FIGHT: SCIENCE AGAINST CANCER,1950
THE STAIRS,1950
WHY KOREA?,1950
NO SAD SONGS FOR ME,1950
CINDERELLA,1950
I'LL GET BY,1950
THREE LITTLE WORDS,1950
THE WEST POINT STORY,1950
THE TOAST OF NEW ORLEANS,1950
"CAPTAIN CAREY, U.S.A.",1950
SINGING GUNS,1950
WABASH AVENUE,1950
GERALD MCBOING-BOING,1950
JERRY'S COUSIN,1950
TROUBLE INDEMNITY,1950
BLAZE BUSTERS,1950
GRANDAD OF RACES,1950
WRONG WAY BUTCH,1950
GRANDMA MOSES,1950
IN BEAVER VALLEY,1950
MY COUNTRY 'TIS OF THEE,1950
LOUISA,1950
OUR VERY OWN,1950
TRIO,1950
BITTER RICE,1950
THE GUNFIGHTER,1950
MYSTERY STREET,1950
PANIC IN THE STREETS,1950
WHEN WILLIE COMES MARCHING HOME,1950
ADAM'S RIB,1950
THE MEN,1950
NO WAY OUT,1950
ALL THE KING'S MEN,1949
CHAMPION,1949
TWELVE O'CLOCK HIGH,1949
THE HASTY HEART,1949
SANDS OF IWO JIMA,1949
THE HEIRESS,1949
BATTLEGROUND,1949
PINKY,1949
MY FOOLISH HEART,1949
"EDWARD, MY SON",1949
COME TO THE STABLE,1949
MADAME BOVARY,1949
THE ADVENTURES OF DON JUAN,1949
LITTLE WOMEN,1949
SARABAND,1949
PRINCE OF FOXES,1949
THE BARKLEYS OF BROADWAY,1949
JOLSON SINGS AGAIN,1949
SAND,1949
SHE WORE A YELLOW RIBBON,1949
MOTHER IS A FRESHMAN,1949
THE FALLEN IDOL,1949
A LETTER TO THREE WIVES,1949
DAYBREAK IN UDI,1949
KENJI COMES HOME,1949
A CHANCE TO LIVE,1949
1848,1949
THE RISING TIDE,1949
SO MUCH FOR SO LITTLE,1949
THE WINDOW,1949
BEYOND THE FOREST,1949
LOOK FOR THE SILVER LINING,1949
ON THE TOWN,1949
NEPTUNE'S DAUGHTER,1949
IT'S A GREAT FEELING,1949
SO DEAR TO MY HEART,1949
CANARY ROW,1949
FOR SCENT-IMENTAL REASONS,1949
HATCH UP YOUR TROUBLES,1949
THE MAGIC FLUKE,1949
TOY TINKERS,1949
AQUATIC HOUSE-PARTY,1949
ROLLER DERBY GIRL,1949
SO YOU THINK YOU'RE NOT GUILTY,1949
SPILLS AND CHILLS,1949
WATER TRIX,1949
THE BOY AND THE EAGLE,1949
CHASE OF DEATH,1949
THE GRASS IS ALWAYS GREENER,1949
SNOW CARNIVAL,1949
VAN GOGH,1949
"ONCE MORE, MY DARLING",1949
IT HAPPENS EVERY SPRING,1949
THE STRATTON STORY,1949
WHITE HEAT,1949
THE BICYCLE THIEF,1949
PAISAN,1949
PASSPORT TO PIMLICO,1949
THE QUIET ONE,1949
JOHNNY BELINDA,1948
THE SEARCH,1948
WHEN MY BABY SMILES AT ME,1948
HAMLET,1948
SITTING PRETTY,1948
JOAN OF ARC,1948
I REMEMBER MAMA,1948
THE TREASURE OF THE SIERRA MADRE,1948
THE LUCK OF THE IRISH,1948
THE SNAKE PIT,1948
"SORRY, WRONG NUMBER",1948
KEY LARGO,1948
THE RED SHOES,1948
A FOREIGN AFFAIR,1948
THE NAKED CITY,1948
PORTRAIT OF JENNIE,1948
GREEN GRASS OF WYOMING,1948
THE LOVES OF CARMEN,1948
THE THREE MUSKETEERS,1948
B. F.'S DAUGHTER,1948
THE EMPEROR WALTZ,1948
THE QUIET ONE,1948
THE SECRET LAND,1948
HEART TO HEART,1948
OPERATION VITTLES,1948
TOWARD INDEPENDENCE,1948
RED RIVER,1948
EASTER PARADE,1948
THE PIRATE,1948
ROMANCE ON THE HIGH SEAS,1948
THE PALEFACE,1948
CASBAH,1948
THAT LADY IN ERMINE,1948
WET BLANKET POLICY,1948
THE LITTLE ORPHAN,1948
MICKEY AND THE SEAL,1948
MOUSE WRECKERS,1948
ROBIN HOODLUM,1948
TEA FOR TWO HUNDRED,1948
ANNIE WAS A WONDER,1948
CINDERELLA HORSE,1948
SO YOU WANT TO BE ON THE RADIO,1948
SYMPHONY OF A CITY,1948
YOU CAN'T WIN,1948
CALGARY STAMPEDE,1948
GOING TO BLAZES,1948
SAMBA-MANIA,1948
SEAL ISLAND,1948
SNOW CAPERS,1948
MOONRISE,1948
LOUISIANA STORY,1948
A DOUBLE LIFE,1947
BODY AND SOUL,1947
GENTLEMAN'S AGREEMENT,1947
LIFE WITH FATHER,1947
MOURNING BECOMES ELECTRA,1947
THE FARMER'S DAUGHTER,1947
RIDE THE PINK HORSE,1947
MIRACLE ON 34TH STREET,1947
CROSSFIRE,1947
KISS OF DEATH,1947
POSSESSED,1947
SMASH-UP--THE STORY OF A WOMAN,1947
THE PARADINE CASE,1947
THE EGG AND I,1947
THE FOXES OF HARROW,1947
GREAT EXPECTATIONS,1947
BLACK NARCISSUS,1947
THE GHOST AND MRS. MUIR,1947
GREEN DOLPHIN STREET,1947
MOTHER WORE TIGHTS,1947
THE BISHOP'S WIFE,1947
DESIGN FOR DEATH,1947
JOURNEY INTO MEDICINE,1947
THE WORLD IS RICH,1947
FIRST STEPS,1947
PASSPORT TO NOWHERE,1947
SCHOOL IN THE MAILBOX,1947
ODD MAN OUT,1947
CAPTAIN FROM CASTILE,1947
FOREVER AMBER,1947
FIESTA,1947
MY WILD IRISH ROSE,1947
ROAD TO RIO,1947
SONG OF THE SOUTH,1947
"THE TIME, THE PLACE AND THE GIRL",1947
THE PERILS OF PAULINE,1947
GOOD NEWS,1947
CHIP AN' DALE,1947
DR. JEKYLL AND MR. MOUSE,1947
PLUTO'S BLUE NOTE,1947
TUBBY THE TUBA,1947
TWEETIE PIE,1947
"BROOKLYN, U.S.A.",1947
GOOD-BYE MISS TURLOCK,1947
MOON ROCKETS,1947
NOW YOU SEE IT,1947
SO YOU WANT TO BE IN PICTURES,1947
CHAMPAGNE FOR TWO,1947
CLIMBING THE MATTERHORN,1947
FIGHT OF THE WILD STALLIONS,1947
GIVE US THE EARTH,1947
A VOICE IS BORN: THE STORY OF NIKLOS GAFNI,1947
T-MEN,1947
A CAGE OF NIGHTINGALES,1947
IT HAPPENED ON FIFTH AVENUE,1947
THE BACHELOR AND THE BOBBY-SOXER,1947
MONSIEUR VERDOUX,1947
SHOE-SHINE,1947
BOOMERANG!,1947
THE BEST YEARS OF OUR LIVES,1946
HENRY V,1946
THE JOLSON STORY,1946
THE YEARLING,1946
IT'S A WONDERFUL LIFE,1946
THE GREEN YEARS,1946
NOTORIOUS,1946
THE RAZOR'S EDGE,1946
TO EACH HIS OWN,1946
BRIEF ENCOUNTER,1946
DUEL IN THE SUN,1946
SISTER KENNY,1946
THE SPIRAL STAIRCASE,1946
SARATOGA TRUNK,1946
ANNA AND THE KING OF SIAM,1946
KITTY,1946
CAESAR AND CLEOPATRA,1946
THE KILLERS,1946
ATOMIC POWER,1946
LIFE AT THE ZOO,1946
PARAMOUNT NEWS ISSUE #37 (TWENTIETH ANNIVERSARY ISSUE! 1927.....1947),1946
SEEDS OF DESTINY,1946
TRAFFIC WITH THE DEVIL,1946
HUMORESQUE,1946
BLUE SKIES,1946
CENTENNIAL SUMMER,1946
THE HARVEY GIRLS,1946
NIGHT AND DAY,1946
THE DOLLY SISTERS,1946
CANYON PASSAGE,1946
THE CAT CONCERTO,1946
CHOPIN'S MUSICAL MOMENTS,1946
JOHN HENRY AND THE INKY POO,1946
SQUATTER'S RIGHTS,1946
WALKY TALKY HAWKY,1946
DIVE-HI CHAMPS,1946
FACING YOUR DANGER,1946
GOLDEN HORSES,1946
SMART AS A FOX,1946
SURE CURES,1946
A BOY AND HIS DOG,1946
COLLEGE QUEEN,1946
HISS AND YELL,1946
THE LUCKIEST GUY IN THE WORLD,1946
THE DARK MIRROR,1946
THE STRANGE LOVE OF MARTHA IVERS,1946
THE STRANGER,1946
VACATION FROM MARRIAGE,1946
THE BLUE DAHLIA,1946
CHILDREN OF PARADISE,1946
ROAD TO UTOPIA,1946
THE SEVENTH VEIL,1946
OPEN CITY,1946
THE BELLS OF ST. MARY'S,1945
ANCHORS AWEIGH,1945
THE LOST WEEKEND,1945
THE KEYS OF THE KINGDOM,1945
A SONG TO REMEMBER,1945
SPELLBOUND,1945
THE CORN IS GREEN,1945
A TREE GROWS IN BROOKLYN,1945
G. I. JOE,1945
A MEDAL FOR BENNY,1945
MILDRED PIERCE,1945
THE VALLEY OF DECISION,1945
LOVE LETTERS,1945
LEAVE HER TO HEAVEN,1945
THE PICTURE OF DORIAN GRAY,1945
NATIONAL VELVET,1945
BLOOD ON THE SUN,1945
EXPERIMENT PERILOUS,1945
FRENCHMAN'S CREEK,1945
SAN ANTONIO,1945
A THOUSAND AND ONE NIGHTS,1945
THE SPANISH MAIN,1945
THE SOUTHERNER,1945
THE LAST BOMB,1945
THE TRUE GLORY,1945
HITLER LIVES?,1945
LIBRARY OF CONGRESS,1945
TO THE SHORES OF IWO JIMA,1945
"OBJECTIVE, BURMA!",1945
BREWSTER'S MILLIONS,1945
CAPTAIN KIDD,1945
THE ENCHANTED COTTAGE,1945
FLAME OF BARBARY COAST,1945
G. I. HONEYMOON,1945
GUEST IN THE HOUSE,1945
GUEST WIFE,1945
THE MAN WHO WALKED ALONE,1945
PARIS--UNDERGROUND,1945
THIS LOVE OF OURS,1945
THE WOMAN IN THE WINDOW,1945
BELLE OF THE YUKON,1945
CAN'T HELP SINGING,1945
HITCHHIKE TO HAPPINESS,1945
INCENDIARY BLONDE,1945
RHAPSODY IN BLUE,1945
STATE FAIR,1945
SUNBONNET SUE,1945
THE THREE CABALLEROS,1945
TONIGHT AND EVERY NIGHT,1945
WHY GIRLS LEAVE HOME,1945
WONDER MAN,1945
HERE COME THE WAVES,1945
EARL CARROLL VANITIES,1945
SING YOUR WAY HOME,1945
DONALD'S CRIME,1945
JASPER AND THE BEANSTALK,1945
LIFE WITH FEATHERS,1945
MIGHTY MOUSE IN GYPSY LIFE,1945
THE POET AND PEASANT,1945
QUIET PLEASE!,1945
RIPPLING ROMANCE,1945
ALONG THE RAINBOW TRAIL,1945
SCREEN SNAPSHOTS' 25TH ANNIVERSARY,1945
STAIRWAY TO LIGHT,1945
STORY OF A DOG,1945
WHITE RHAPSODY,1945
YOUR NATIONAL GALLERY,1945
A GUN IN HIS HAND,1945
THE JURY GOES ROUND 'N' ROUND,1945
THE LITTLE WITCH,1945
STAR IN THE NIGHT,1945
LADY ON A TRAIN,1945
THEY WERE EXPENDABLE,1945
THREE IS A FAMILY,1945
THE UNSEEN,1945
THE AFFAIRS OF SUSAN,1945
THE HOUSE ON 92ND STREET,1945
DILLINGER,1945
MARIE-LOUISE,1945
MUSIC FOR MILLIONS,1945
SALTY O'ROURKE,1945
"WHAT NEXT, CORPORAL HARGROVE?",1945
PRIDE OF THE MARINES,1945
GASLIGHT,1944
GOING MY WAY,1944
NONE BUT THE LONELY HEART,1944
WILSON,1944
THE SEVENTH CROSS,1944
MR. SKEFFINGTON,1944
LAURA,1944
SINCE YOU WENT AWAY,1944
MRS. PARKINGTON,1944
DOUBLE INDEMNITY,1944
DRAGON SEED,1944
ADDRESS UNKNOWN,1944
THE ADVENTURES OF MARK TWAIN,1944
CASANOVA BROWN,1944
NO TIME FOR LOVE,1944
STEP LIVELY,1944
THE CLIMAX,1944
COVER GIRL,1944
THE DESERT SONG,1944
KISMET,1944
LADY IN THE DARK,1944
THE PRINCESS AND THE PIRATE,1944
LIFEBOAT,1944
THIRTY SECONDS OVER TOKYO,1944
THE UNINVITED,1944
THE WHITE CLIFFS OF DOVER,1944
HOME IN INDIANA,1944
MEET ME IN ST. LOUIS,1944
THE FIGHTING LADY,1944
RESISTING ENEMY INTERROGATION,1944
ARTURO TOSCANINI,1944
NEW AMERICANS,1944
WITH THE MARINES AT TARAWA,1944
JANIE,1944
THE BRIDGE OF SAN LUIS REY,1944
CHRISTMAS HOLIDAY,1944
THE FIGHTING SEABEES,1944
THE HAIRY APE,1944
IT HAPPENED TOMORROW,1944
JACK LONDON,1944
SUMMER STORM,1944
THREE RUSSIAN GIRLS,1944
UP IN MABEL'S ROOM,1944
VOICE IN THE WIND,1944
WOMAN OF THE TOWN,1944
BRAZIL,1944
HIGHER AND HIGHER,1944
HOLLYWOOD CANTEEN,1944
IRISH EYES ARE SMILING,1944
KNICKERBOCKER HOLIDAY,1944
"LADY, LET'S DANCE",1944
THE MERRY MONAHANS,1944
MINSTREL MAN,1944
SENSATIONS OF 1945,1944
SONG OF THE OPEN ROAD,1944
UP IN ARMS,1944
FOLLOW THE BOYS,1944
SWEET AND LOWDOWN,1944
AND TO THINK I SAW IT ON MULBERRY STREET,1944
"DOG, CAT AND CANARY",1944
FISH FRY,1944
HOW TO PLAY FOOTBALL,1944
MOUSE TROUBLE,1944
MY BOY JOHNNY,1944
SWOONER CROONER,1944
BLUE GRASS GENTLEMEN,1944
JAMMIN' THE BLUES,1944
MOVIE PESTS,1944
WHO'S WHO IN ANIMAL LAND,1944
BOMBALERA,1944
I WON'T PLAY,1944
MAIN STREET TODAY,1944
HIS BUTLER'S SISTER,1944
MUSIC IN MANHATTAN,1944
A GUY NAMED JOE,1944
NONE SHALL ESCAPE,1944
THE SULLIVANS,1944
HAIL THE CONQUERING HERO,1944
THE MIRACLE OF MORGAN'S CREEK,1944
TWO GIRLS AND A SAILOR,1944
WING AND A PRAYER,1944
CASABLANCA,1943
FOR WHOM THE BELL TOLLS,1943
WATCH ON THE RHINE,1943
MADAME CURIE,1943
THE HUMAN COMEDY,1943
THE SONG OF BERNADETTE,1943
THE MORE THE MERRIER,1943
SAHARA,1943
THE CONSTANT NYMPH,1943
SO PROUDLY WE HAIL!,1943
FIVE GRAVES TO CAIRO,1943
FLIGHT FOR FREEDOM,1943
MISSION TO MOSCOW,1943
THE NORTH STAR,1943
THE GANG'S ALL HERE,1943
PHANTOM OF THE OPERA,1943
THIS IS THE ARMY,1943
THOUSANDS CHEER,1943
AIR FORCE,1943
CORVETTE K-225,1943
HEAVEN CAN WAIT,1943
"HELLO, FRISCO, HELLO",1943
LASSIE COME HOME,1943
BAPTISM OF FIRE,1943
THE BATTLE OF RUSSIA,1943
DESERT VICTORY,1943
FOR GOD AND COUNTRY,1943
REPORT FROM THE ALEUTIANS,1943
SILENT VILLAGE,1943
WAR DEPARTMENT REPORT,1943
"WE'VE COME A LONG, LONG WAY",1943
BISMARCK CONVOY SMASHED,1943
CHILDREN OF MARS,1943
DAY OF BATTLE,1943
DECEMBER 7TH,1943
THE DUTCH TRADITION,1943
KILL OR BE KILLED,1943
THE LABOR FRONT,1943
LAND OF MY MOTHER,1943
LETTER FROM LIVINGSTON,1943
LIFE LINE,1943
PLAN FOR DESTRUCTION,1943
THE REAR GUNNER,1943
SERVANT OF A NATION,1943
SWEDES IN AMERICA,1943
TASK FORCE,1943
TO THE PEOPLE OF THE UNITED STATES,1943
TOMORROW WE FLY,1943
THE VOICE THAT THRILLED THE WORLD,1943
WATER--FRIEND OR ENEMY,1943
WINGS UP,1943
YOUTH IN CRISIS,1943
THE AMAZING MRS. HOLLIDAY,1943
COMMANDOS STRIKE AT DAWN,1943
THE FALLEN SPARROW,1943
HANGMEN ALSO DIE,1943
HI DIDDLE DIDDLE,1943
IN OLD OKLAHOMA,1943
JOHNNY COME LATELY,1943
THE KANSAN,1943
LADY OF BURLESQUE,1943
THE MOON AND SIXPENCE,1943
VICTORY THROUGH AIR POWER,1943
CONEY ISLAND,1943
HIT PARADE OF 1943,1943
SALUDOS AMIGOS,1943
THE SKY'S THE LIMIT,1943
SOMETHING TO SHOUT ABOUT,1943
STAGE DOOR CANTEEN,1943
STAR SPANGLED RHYTHM,1943
CABIN IN THE SKY,1943
HERS TO HOLD,1943
THANK YOUR LUCKY STARS,1943
IN WHICH WE SERVE,1943
THE OX-BOW INCIDENT,1943
THE DIZZY ACROBAT,1943
THE 500 HATS OF BARTHOLOMEW CUBBINS,1943
GREETINGS BAIT!,1943
IMAGINATION,1943
REASON AND EMOTION,1943
YANKEE DOODLE MOUSE,1943
AMPHIBIOUS FIGHTERS,1943
CAVALCADE OF DANCE WITH VELOZ AND YOLANDA,1943
CHAMPIONS CARRY ON,1943
HOLLYWOOD IN UNIFORM,1943
SEEING HANDS,1943
HEAVENLY MUSIC,1943
LETTER TO A HERO,1943
MARDI GRAS,1943
WOMEN AT WAR,1943
RIDING HIGH,1943
SO THIS IS WASHINGTON,1943
THIS LAND IS MINE,1943
ACTION IN THE NORTH ATLANTIC,1943
DESTINATION TOKYO,1943
SHADOW OF A DOUBT,1943
PRINCESS O'ROURKE,1943
HOLY MATRIMONY,1943
YANKEE DOODLE DANDY,1942
RANDOM HARVEST,1942
THE PRIDE OF THE YANKEES,1942
MRS. MINIVER,1942
THE PIED PIPER,1942
WAKE ISLAND,1942
JOHNNY EAGER,1942
TORTILLA FLAT,1942
"NOW, VOYAGER",1942
WOMAN OF THE YEAR,1942
MY SISTER EILEEN,1942
THE MAGNIFICENT AMBERSONS,1942
GEORGE WASHINGTON SLEPT HERE,1942
THE SHANGHAI GESTURE,1942
SILVER QUEEN,1942
THE SPOILERS,1942
"TAKE A LETTER, DARLING",1942
THE TALK OF THE TOWN,1942
THIS ABOVE ALL,1942
ARABIAN NIGHTS,1942
CAPTAINS OF THE CLOUDS,1942
JUNGLE BOOK,1942
MY GAL SAL,1942
REAP THE WILD WIND,1942
KINGS ROW,1942
MOONTIDE,1942
TEN GENTLEMEN FROM WEST POINT,1942
THE BLACK SWAN,1942
TO THE SHORES OF TRIPOLI,1942
"AFRICA, PRELUDE TO VICTORY",1942
THE BATTLE OF MIDWAY,1942
COMBAT REPORT,1942
CONQUER BY THE CLOCK,1942
THE GRAIN THAT BUILT A HEMISPHERE,1942
"HENRY BROWNE, FARMER",1942
HIGH OVER THE BORDERS,1942
HIGH STAKES IN THE EAST,1942
INSIDE FIGHTING CHINA,1942
IT'S EVERYBODY'S WAR,1942
KOKODA FRONT LINE!,1942
LISTEN TO BRITAIN,1942
LITTLE BELGIUM,1942
LITTLE ISLES OF FREEDOM,1942
MR. BLABBERMOUTH!,1942
MR. GARDENIA JONES,1942
MOSCOW STRIKES BACK,1942
THE NEW SPIRIT,1942
PRELUDE TO WAR,1942
THE PRICE OF VICTORY,1942
A SHIP IS BORN,1942
TWENTY-ONE MILES,1942
WE REFUSE TO DIE,1942
WHITE EAGLE,1942
WINNING YOUR WINGS,1942
BAMBI,1942
THE CORSICAN BROTHERS,1942
FLYING TIGERS,1942
THE GOLD RUSH,1942
I MARRIED A WITCH,1942
JOAN OF PARIS,1942
KLONDIKE FURY,1942
TO BE OR NOT TO BE,1942
FLYING WITH MUSIC,1942
FOR ME AND MY GAL,1942
HOLIDAY INN,1942
IT STARTED WITH EVE,1942
JOHNNY DOUGHBOY,1942
YOU WERE NEVER LOVELIER,1942
ALWAYS IN MY HEART,1942
BABES ON BROADWAY,1942
YOUTH ON PARADE,1942
ORCHESTRA WIVES,1942
HELLZAPOPPIN',1942
THE MAYOR OF 44TH STREET,1942
THE INVADERS,1942
ALL OUT FOR 'V',1942
BLITZ WOLF,1942
DER FUEHRER'S FACE,1942
JUKE BOX JAMBOREE,1942
PIGS IN A POLKA,1942
TULIPS SHALL GROW,1942
DESERT WONDERLAND,1942
MARINES IN THE MAKING,1942
SPEAKING OF ANIMALS AND THEIR FAMILIES,1942
UNITED STATES MARINE BAND,1942
BEYOND THE LINE OF DUTY,1942
DON'T TALK,1942
PRIVATE SMITH OF THE U.S.A.,1942
FRIENDLY ENEMIES,1942
ONCE UPON A HONEYMOON,1942
ROAD TO MOROCCO,1942
ONE OF OUR AIRCRAFT IS MISSING,1942
THE WAR AGAINST MRS. HADLEY,1942
SERGEANT YORK,1941
PENNY SERENADE,1941
ALL THAT MONEY CAN BUY,1941
HERE COMES MR. JORDAN,1941
CITIZEN KANE,1941
THE DEVIL AND MISS JONES,1941
HOW GREEN WAS MY VALLEY,1941
THE MALTESE FALCON,1941
THE LITTLE FOXES,1941
HOLD BACK THE DAWN,1941
SUSPICION,1941
BLOSSOMS IN THE DUST,1941
BALL OF FIRE,1941
THE GREAT LIE,1941
THE FLAME OF NEW ORLEANS,1941
LADIES IN RETIREMENT,1941
THE SON OF MONTE CRISTO,1941
SUNDOWN,1941
THAT HAMILTON WOMAN,1941
WHEN LADIES MEET,1941
BLOOD AND SAND,1941
LOUISIANA PURCHASE,1941
THE CHOCOLATE SOLDIER,1941
DR. JEKYLL AND MR. HYDE,1941
SUN VALLEY SERENADE,1941
ALOMA OF THE SOUTH SEAS,1941
BILLY THE KID,1941
DIVE BOMBER,1941
KUKAN,1941
TARGET FOR TONIGHT,1941
ADVENTURE IN THE BRONX,1941
BOMBER,1941
CHRISTMAS UNDER FIRE,1941
CHURCHILL'S ISLAND,1941
LETTER FROM HOME,1941
LIFE OF A THOROUGHBRED,1941
NORWAY IN REVOLT,1941
A PLACE TO LIVE,1941
RUSSIAN SOIL,1941
SOLDIERS OF THE SKY,1941
WAR CLOUDS IN THE PACIFIC,1941
BACK STREET,1941
CHEERS FOR MISS BISHOP,1941
KING OF THE ZOMBIES,1941
LYDIA,1941
MERCY ISLAND,1941
SO ENDS OUR NIGHT,1941
TANKS A MILLION,1941
THAT UNCERTAIN FEELING,1941
THIS WOMAN IS MINE,1941
ALL-AMERICAN CO-ED,1941
BIRTH OF THE BLUES,1941
BUCK PRIVATES,1941
DUMBO,1941
ICE-CAPADES,1941
THE STRAWBERRY BLONDE,1941
SUNNY,1941
YOU'LL NEVER GET RICH,1941
RIDIN' ON A RAINBOW,1941
BLUES IN THE NIGHT,1941
LAS VEGAS NIGHTS,1941
LADY BE GOOD,1941
ONE FOOT IN HEAVEN,1941
BOOGIE WOOGIE BUGLE BOY OF COMPANY B,1941
HIAWATHA'S RABBIT HUNT,1941
HOW WAR CAME,1941
LEND A PAW,1941
THE NIGHT BEFORE CHRISTMAS,1941
RHAPSODY IN RIVETS,1941
RHYTHM IN THE RANKS,1941
THE ROOKIE BEAR,1941
SUPERMAN,1941
TRUANT OFFICER DONALD,1941
ARMY CHAMPIONS,1941
BEAUTY AND THE BEACH,1941
DOWN ON THE FARM,1941
FORTY BOYS AND A SONG,1941
KINGS OF THE TURF,1941
OF PUPS AND PUZZLES,1941
SAGEBRUSH AND SILVER,1941
ALIVE IN THE DEEP,1941
FORBIDDEN PASSAGE,1941
THE GAY PARISIAN,1941
MAIN STREET ON THE MARCH!,1941
THE TANKS ARE COMING,1941
APPOINTMENT FOR LOVE,1941
THE DEVIL PAYS OFF,1941
THE MEN IN HER LIFE,1941
SKYLARK,1941
TOPPER RETURNS,1941
"TALL, DARK AND HANDSOME",1941
"TOM, DICK AND HARRY",1941
THE LADY EVE,1941
MEET JOHN DOE,1941
NIGHT TRAIN,1941
THE GREAT DICTATOR,1940
THE GRAPES OF WRATH,1940
ABE LINCOLN IN ILLINOIS,1940
REBECCA,1940
THE PHILADELPHIA STORY,1940
FOREIGN CORRESPONDENT,1940
THE WESTERNER,1940
THEY KNEW WHAT THEY WANTED,1940
THE LETTER,1940
KITTY FOYLE,1940
OUR TOWN,1940
"ALL THIS, AND HEAVEN TOO",1940
PRIMROSE PATH,1940
"ARISE, MY LOVE",1940
ARIZONA,1940
THE BOYS FROM SYRACUSE,1940
THE DARK COMMAND,1940
LILLIAN RUSSELL,1940
MY FAVORITE WIFE,1940
"MY SON, MY SON!",1940
PRIDE AND PREJUDICE,1940
THE SEA HAWK,1940
BITTER SWEET,1940
DOWN ARGENTINE WAY,1940
NORTH WEST MOUNTED POLICE,1940
THE THIEF OF BAGDAD,1940
BOOM TOWN,1940
THE LONG VOYAGE HOME,1940
SPRING PARADE,1940
WATERLOO BRIDGE,1940
THE BLUE BIRD,1940
NORTHWEST PASSAGE,1940
THE FIGHT FOR LIFE,1940
THE HOUSE OF THE SEVEN GABLES,1940
THE HOWARDS OF VIRGINIA,1940
THE MARK OF ZORRO,1940
ONE MILLION B.C.,1940
PINOCCHIO,1940
HIT PARADE OF 1941,1940
IRENE,1940
SECOND CHORUS,1940
STRIKE UP THE BAND,1940
TIN PAN ALLEY,1940
YOU'LL FIND OUT,1940
MUSIC IN MY HEART,1940
RHYTHM ON THE RIVER,1940
THE MILKY WAY,1940
PUSS GETS THE BOOT,1940
A WILD HARE,1940
LONDON CAN TAKE IT,1940
MORE ABOUT NOSTRADAMUS,1940
QUICKER 'N A WINK,1940
SIEGE,1940
EYES OF THE NAVY,1940
SERVICE WITH THE COLORS,1940
"TEDDY, THE ROUGH RIDER",1940
BEHIND THE NEWS,1940
CAPTAIN CAUTION,1940
TOO MANY HUSBANDS,1940
ANGELS OVER BROADWAY,1940
DR. EHRLICH'S MAGIC BULLET,1940
THE GREAT MCGINTY,1940
COMRADE X,1940
"EDISON, THE MAN",1940
"GOODBYE, MR. CHIPS",1939
GONE WITH THE WIND,1939
WUTHERING HEIGHTS,1939
BABES IN ARMS,1939
MR. SMITH GOES TO WASHINGTON,1939
JUAREZ,1939
BEAU GESTE,1939
STAGECOACH,1939
DARK VICTORY,1939
LOVE AFFAIR,1939
NINOTCHKA,1939
DRUMS ALONG THE MOHAWK,1939
CAPTAIN FURY,1939
FIRST LOVE,1939
MAN OF CONQUEST,1939
THE PRIVATE LIVES OF ELIZABETH AND ESSEX,1939
THE RAINS CAME,1939
THE WIZARD OF OZ,1939
THE GREAT VICTOR HERBERT,1939
GUNGA DIN,1939
INTERMEZZO,1939
LADY OF THE TROPICS,1939
OF MICE AND MEN,1939
ONLY ANGELS HAVE WINGS,1939
FOUR FEATHERS,1939
THE MIKADO,1939
ETERNALLY YOURS,1939
GOLDEN BOY,1939
GULLIVER'S TRAVELS,1939
THE MAN IN THE IRON MASK,1939
NURSE EDITH CAVELL,1939
THE HUNCHBACK OF NOTRE DAME,1939
SHE MARRIED A COP,1939
SWANEE RIVER,1939
THEY SHALL HAVE MUSIC,1939
WAY DOWN SOUTH,1939
SECOND FIDDLE,1939
DETOURING AMERICA,1939
PEACE ON EARTH,1939
THE POINTER,1939
THE UGLY DUCKLING,1939
BUSY LITTLE BEARS,1939
INFORMATION PLEASE,1939
PROPHET WITHOUT HONOR,1939
SWORD FISHING,1939
DRUNK DRIVING,1939
FIVE TIMES FIVE,1939
SONS OF LIBERTY,1939
BALALAIKA,1939
WHEN TOMORROW COMES,1939
BACHELOR MOTHER,1939
YOUNG MR. LINCOLN,1939
ALGIERS,1938
ANGELS WITH DIRTY FACES,1938
THE CITADEL,1938
PYGMALION,1938
BOYS TOWN,1938
KENTUCKY,1938
FOUR DAUGHTERS,1938
MARIE ANTOINETTE,1938
IF I WERE KING,1938
WHITE BANNERS,1938
JEZEBEL,1938
THREE COMRADES,1938
OF HUMAN HEARTS,1938
MERRILY WE LIVE,1938
YOU CAN'T TAKE IT WITH YOU,1938
THE GREAT WALTZ,1938
SNOW WHITE AND THE SEVEN DWARFS,1938
THE ADVENTURES OF ROBIN HOOD,1938
THE ADVENTURES OF TOM SAWYER,1938
ALEXANDER'S RAGTIME BAND,1938
CAREFREE,1938
THE GOLDWYN FOLLIES,1938
HOLIDAY,1938
MAD ABOUT MUSIC,1938
ARMY GIRL,1938
THE BUCCANEER,1938
SUEZ,1938
VIVACIOUS LADY,1938
THE YOUNG IN HEART,1938
SWEETHEARTS,1938
TEST PILOT,1938
BLOCK-HEADS,1938
BLOCKADE,1938
BREAKING THE ICE,1938
THE COWBOY AND THE LADY,1938
PACIFIC LINER,1938
GIRLS' SCHOOL,1938
STORM OVER BENGAL,1938
THERE GOES MY HEART,1938
TROPIC HOLIDAY,1938
MANNEQUIN,1938
UNDER WESTERN STARS,1938
GOING PLACES,1938
THE LADY OBJECTS,1938
THAT CERTAIN AGE,1938
THE BIG BROADCAST OF 1938,1938
GRAND ILLUSION,1938
BRAVE LITTLE TAILOR,1938
FERDINAND THE BULL,1938
GOOD SCOUTS,1938
HUNKY AND SPUNKY,1938
MOTHER GOOSE GOES HOLLYWOOD,1938
THE GREAT HEART,1938
THAT MOTHERS MIGHT LIVE,1938
TIMBER TOPPERS,1938
DECLARATION OF INDEPENDENCE,1938
SWINGTIME IN THE MOVIES,1938
THEY'RE ALWAYS CAUGHT,1938
CONQUEST,1937
A STAR IS BORN,1937
NIGHT MUST FALL,1937
THE LIFE OF EMILE ZOLA,1937
CAPTAINS COURAGEOUS,1937
THE AWFUL TRUTH,1937
THE HURRICANE,1937
LOST HORIZON,1937
TOPPER,1937
CAMILLE,1937
THE GOOD EARTH,1937
STELLA DALLAS,1937
IN OLD CHICAGO,1937
STAGE DOOR,1937
DEAD END,1937
A DAMSEL IN DISTRESS,1937
EVERY DAY'S A HOLIDAY,1937
MANHATTAN MERRY-GO-ROUND,1937
THE PRISONER OF ZENDA,1937
SOULS AT SEA,1937
WALTER WANGER'S VOGUES OF 1938,1937
WEE WILLIE WINKIE,1937
YOU'RE A SWEETHEART,1937
WINGS OVER HONOLULU,1937
ONE HUNDRED MEN AND A GIRL,1937
MAKE A WISH,1937
MAYTIME,1937
PORTIA ON TRIAL,1937
QUALITY STREET,1937
SNOW WHITE AND THE SEVEN DWARFS,1937
SOMETHING TO SING ABOUT,1937
WAY OUT WEST,1937
MR. DODD TAKES THE AIR,1937
WAIKIKI WEDDING,1937
SHALL WE DANCE,1937
ARTISTS AND MODELS,1937
EDUCATED FISH,1937
THE LITTLE MATCH GIRL,1937
THE OLD MILL,1937
THE MAN WITHOUT A COUNTRY,1937
PENNY WISDOM,1937
POPULAR SCIENCE J-7-1,1937
A NIGHT AT THE MOVIES,1937
THE PRIVATE LIFE OF THE GANNETS,1937
ROMANCE OF RADIUM,1937
DEEP SOUTH,1937
SHOULD WIVES WORK?,1937
TORTURE MONEY,1937
THE GIRL SAID NO,1937
HITTING A NEW HIGH,1937
WELLS FARGO,1937
BLACK LEGION,1937
MR. DEEDS GOES TO TOWN,1936
DODSWORTH,1936
THE STORY OF LOUIS PASTEUR,1936
MY MAN GODFREY,1936
SAN FRANCISCO,1936
COME AND GET IT,1936
PIGSKIN PARADE,1936
ROMEO AND JULIET,1936
THE GENERAL DIED AT DAWN,1936
THEODORA GOES WILD,1936
VALIANT IS THE WORD FOR CARRIE,1936
THE GREAT ZIEGFELD,1936
THE GORGEOUS HUSSY,1936
THESE THREE,1936
ANTHONY ADVERSE,1936
LLOYDS OF LONDON,1936
THE MAGNIFICENT BRUTE,1936
WINTERSET,1936
THE GARDEN OF ALLAH,1936
A TALE OF TWO CITIES,1936
THE CHARGE OF THE LIGHT BRIGADE,1936
SUZY,1936
BORN TO DANCE,1936
TRAIL OF THE LONESOME PINE,1936
PENNIES FROM HEAVEN,1936
SWING TIME,1936
"SING, BABY, SING",1936
LIBELED LADY,1936
THREE SMART GIRLS,1936
THE COUNTRY COUSIN,1936
OLD MILL POND,1936
SINBAD THE SAILOR,1936
GIVE ME LIBERTY,1936
LA FIESTA DE SANTA BARBARA,1936
POPULAR SCIENCE J-6-2,1936
BORED OF EDUCATION,1936
MOSCOW MOODS,1936
"WANTED, A MASTER",1936
DOUBLE OR NOTHING,1936
DUMMY ACHE,1936
THE PUBLIC PAYS,1936
BANJO ON MY KNEE,1936
GENERAL SPANKY,1936
THE TEXAS RANGERS,1936
THAT GIRL FROM PARIS,1936
FURY,1936
AFTER THE THIN MAN,1936
MUTINY ON THE BOUNTY,1935
THE INFORMER,1935
BLACK FURY,1935
ESCAPE ME NEVER,1935
PRIVATE WORLDS,1935
DANGEROUS,1935
ALICE ADAMS,1935
BECKY SHARP,1935
THE DARK ANGEL,1935
THE LIVES OF A BENGAL LANCER,1935
TOP HAT,1935
BARBARY COAST,1935
THE CRUSADES,1935
LES MISERABLES,1935
A MIDSUMMER NIGHT'S DREAM,1935
CAPTAIN BLOOD,1935
DAVID COPPERFIELD,1935
PETER IBBETSON,1935
ROBERTA,1935
GOLD DIGGERS OF 1935,1935
BROADWAY MELODY OF 1936,1935
NAUGHTY MARIETTA,1935
RUGGLES OF RED GAP,1935
THE CALICO DRAGON,1935
THREE ORPHAN KITTENS,1935
WHO KILLED COCK ROBIN?,1935
HOW TO SLEEP,1935
"OH, MY NERVES",1935
TIT FOR TAT,1935
AUDIOSCOPIKS,1935
CAMERA THRILLS,1935
WINGS OVER MT. EVEREST,1935
BRIDE OF FRANKENSTEIN,1935
I DREAM TOO MUCH,1935
LOVE ME FOREVER,1935
"$1,000 A MINUTE",1935
THANKS A MILLION,1935
G-MEN,1935
THE GAY DECEPTION,1935
THE SCOUNDREL,1935
IT HAPPENED ONE NIGHT,1934
THE AFFAIRS OF CELLINI,1934
THE THIN MAN,1934
OF HUMAN BONDAGE,1934
ONE NIGHT OF LOVE,1934
THE BARRETTS OF WIMPOLE STREET,1934
THE GAY DIVORCEE,1934
THE MERRY WIDOW,1934
CLEOPATRA,1934
OPERATOR 13,1934
ESKIMO,1934
THE LOST PATROL,1934
FLYING DOWN TO RIO,1934
SHE LOVES ME NOT,1934
FLIRTATION WALK,1934
HERE COMES THE NAVY,1934
THE HOUSE OF ROTHSCHILD,1934
IMITATION OF LIFE,1934
VIVA VILLA!,1934
THE WHITE PARADE,1934
HOLIDAY LAND,1934
JOLLY LITTLE ELVES,1934
THE TORTOISE AND THE HARE,1934
LA CUCARACHA,1934
MEN IN BLACK,1934
"WHAT, NO MEN!",1934
BOSOM FRIENDS,1934
CITY OF WAX,1934
STRIKES AND SPARES,1934
HIDE-OUT,1934
MANHATTAN MELODRAMA,1934
THE RICHEST GIRL IN THE WORLD,1934
BERKELEY SQUARE,1933
THE PRIVATE LIFE OF HENRY VIII,1933
I AM A FUGITIVE FROM A CHAIN GANG,1933
MORNING GLORY,1933
LADY FOR A DAY,1933
CAVALCADE,1933
A FAREWELL TO ARMS,1933
WHEN LADIES MEET,1933
REUNION IN VIENNA,1933
THE SIGN OF THE CROSS,1933
LITTLE WOMEN,1933
42ND STREET,1933
SHE DONE HIM WRONG,1933
SMILIN' THROUGH,1933
STATE FAIR,1933
BUILDING A BUILDING,1933
THE MERRY OLD SOUL,1933
THE THREE LITTLE PIGS,1933
MISTER MUGG,1933
A PREFERRED LIST,1933
SO THIS IS HARRIS,1933
KRAKATOA,1933
MENU,1933
THE SEA,1933
GOLD DIGGERS OF 1933,1933
ONE WAY PASSAGE,1933
THE PRIZEFIGHTER AND THE LADY,1933
RASPUTIN AND THE EMPRESS,1933
THE CHAMP,1932
THE GUARDSMAN,1932
DR. JEKYLL AND MR. HYDE,1932
EMMA,1932
THE SIN OF MADELON CLAUDET,1932
À NOUS LA LIBERTÉ,1932
ARROWSMITH,1932
TRANSATLANTIC,1932
SHANGHAI EXPRESS,1932
BAD GIRL,1932
FIVE STAR FINAL,1932
GRAND HOTEL,1932
ONE HOUR WITH YOU,1932
THE SMILING LIEUTENANT,1932
FLOWERS AND TREES,1932
IT'S GOT ME AGAIN,1932
MICKEY'S ORPHANS,1932
THE LOUD MOUTH,1932
THE MUSIC BOX,1932
SCRATCH-AS-CATCH-CAN,1932
STOUT HEARTS AND WILLING HANDS,1932
SCREEN SOUVENIRS,1932
SWING HIGH,1932
WRESTLING SWORDFISH,1932
LADY AND GENT,1932
THE STAR WITNESS,1932
WHAT PRICE HOLLYWOOD?,1932
A FREE SOUL,1931
SKIPPY,1931
CIMARRON,1931
THE ROYAL FAMILY OF BROADWAY,1931
THE FRONT PAGE,1931
MOROCCO,1931
MIN AND BILL,1931
HOLIDAY,1931
JUST IMAGINE,1931
SVENGALI,1931
WHOOPEE!,1931
THE RIGHT TO LOVE,1931
TABU,1931
EAST LYNNE,1931
TRADER HORN,1931
THE CRIMINAL CODE,1931
LITTLE CAESAR,1931
THE DAWN PATROL,1931
THE DOORWAY TO HELL,1931
LAUGHTER,1931
THE PUBLIC ENEMY,1931
SMART MONEY,1931
DISRAELI,1930
THE GREEN GODDESS,1930
THE BIG HOUSE,1930
THE BIG POND,1930
BULLDOG DRUMMOND,1930
THE ROGUE SONG,1930
THE DEVIL'S HOLIDAY,1930
SARAH AND SON,1930
ANNA CHRISTIE,1930
THE DIVORCEE,1930
THEIR OWN DESIRE,1930
THE TRESPASSER,1930
KING OF JAZZ,1930
THE LOVE PARADE,1930
SALLY,1930
THE VAGABOND KING,1930
ALL QUIET ON THE WESTERN FRONT,1930
HELL'S ANGELS,1930
WITH BYRD AT THE SOUTH POLE,1930
CLARENCE BROWN,1930
ROBERT LEONARD,1930
ERNST LUBITSCH,1930
LEWIS MILESTONE,1930
KING VIDOR,1930
THE CASE OF SERGEANT GRISCHA,1930
RAFFLES,1930
SONG OF THE FLAME,1930
STREET OF CHANCE,1930
THUNDERBOLT,1929
IN OLD ARIZONA,1929
ALIBI,1929
THE VALIANT,1929
THE PATRIOT,1929
MADAME X,1929
THE BARKER,1929
THE LETTER,1929
THE DIVINE LADY,1929
THE BROADWAY MELODY,1929
COQUETTE,1929
HANS DREIER,1929
CEDRIC GIBBONS,1929
MITCHELL LEISEN,1929
WILLIAM CAMERON MENZIES,1929
HARRY OLIVER,1929
GEORGE BARNES,1929
CLYDE DE VINNA,1929
ARTHUR EDESON,1929
ERNEST PALMER,1929
JOHN SEITZ,1929
LIONEL BARRYMORE,1929
HARRY BEAUMONT,1929
IRVING CUMMINGS,1929
FRANK LLOYD,1929
ERNST LUBITSCH,1929
FEATURE PRODUCTIONS,1929
FOX,1929
METRO-GOLDWYN-MAYER,1929
PARAMOUNT FAMOUS LASKY,1929
IN OLD ARIZONA; AND THE VALIANT,1929
THE COP; THE LEATHERNECK; SAL OF SINGAPORE; AND SKYSCRAPER,1929
THE LAST OF MRS. CHEYNEY,1929
OUR DANCING DAUGHTERS,1929
A WOMAN OF AFFAIRS; AND WONDER OF WOMEN,1929
THE NOOSE,1928
THE LAST COMMAND,1928
THE CIRCUS,1928
A SHIP COMES IN,1928
7TH HEAVEN,1928
SADIE THOMPSON,1928
ROCHUS GLIESE,1928
WILLIAM CAMERON MENZIES,1928
HARRY OLIVER,1928
GEORGE BARNES,1928
CHARLES ROSHER,1928
KARL STRUSS,1928
LEWIS MILESTONE,1928
TED WILDE,1928
FRANK BORZAGE,1928
HERBERT BRENON,1928
KING VIDOR,1928
THE CADDO COMPANY,1928
FOX,1928
PARAMOUNT FAMOUS LASKY,1928
THE JAZZ SINGER,1928
GLORIOUS BETSY,1928
UNDERWORLD,1928
THE PRIVATE LIFE OF HELEN OF TROY,1928
